EMPRESA,SECUENCIA_ID,SECUENCIA_CODIGO,SECUENCIA_NOMBRE,TIPO,PASO,DETALLE_SECUENCIA_ID,ETAPA_ID,ETAPA_CODIGO,ETAPA_NOMBRE,PERFIL,ESTADO_LOG_RELACIONADO,SECUENCIA_HABILITADA,DETALLE_HABILITADO,FECHA_ELIMINACION,USERS_RESPONSABLE_ID,EMPRESA_ETAPA
1,6,ACEITES,DESPACHO DE ACEITES,DESPACHO,1,203,84,PROGRAMADO EN PATIO,PROGRAMADO EN PATIO,ADET / Administrador de Etapa; ADSEC / Administrador de Secuencia; OP / Operador; PLAN / Planificador; REC / Recepcionista,ETAPA_LOG (CI+SC+ET); ver inventario operacional,True,True,,"['46', '41', '48', '38', '52', '39', '53', '49', '1857', '16']",1
1,6,ACEITES,DESPACHO DE ACEITES,DESPACHO,2,189,79,EN PESAJE VACIO DESP AC,EN PESAJE VACIO DESP AC,OP / Operador; REC / Recepcionista,ETAPA_LOG (CI+SC+ET); ver inventario operacional,True,True,,"['37', '15', '13', '14', '12', '1831']",1
1,6,ACEITES,DESPACHO DE ACEITES,DESPACHO,3,128,61,CAMION EN CARGA DESP AC,CAMION EN CARGA DESP AC,OP / Operador; PF / Proforma; PLAN / Planificador; REC / Recepcionista,ETAPA_LOG (CI+SC+ET); ver inventario operacional,True,True,,"['1832', '25', '1849']",1
1,6,ACEITES,DESPACHO DE ACEITES,DESPACHO,4,63,21,Pesaje cargado,Pesaje cargado,OP / Operador; REC / Recepcionista,ETAPA_LOG (CI+SC+ET); ver inventario operacional,True,True,,"['37', '15', '13', '14', '12', '1831']",1
1,6,ACEITES,DESPACHO DE ACEITES,DESPACHO,5,64,23,"Emisión, espera y entrega guía","Emisión, espera y entrega guía",AD / Administrador del Sistema; ADCON / Administrador de Conductor; ADET / Administrador de Etapa; ADSEC / Administrador de Secuencia; CLI / Cliente; CON / Conductor; OP / Operador; PF / Proforma; PLAN / Planificador; PRO / Proveedor; REC / Recepcionista; RP / Reportes; nav / nav,ETAPA_LOG (CI+SC+ET); ver inventario operacional,True,True,,"['27', '6', '5', '8', '32', '30', '4', '1851', '1864', '1837', '1866', '29', '7']",1
1,6,ACEITES,DESPACHO DE ACEITES,DESPACHO,6,223,91,SECUENCIA TERMINADA,SECUENCIA TERMINADA,ADET / Administrador de Etapa; ADSEC / Administrador de Secuencia; OP / Operador; PLAN / Planificador; REC / Recepcionista,ETAPA_LOG (CI+SC+ET); ver inventario operacional,True,True,,"['40', '46', '47', '41', '48', '49', '16', '51', '50', '52']",1
1,6,ACEITES,DESPACHO DE ACEITES,DESPACHO,7,291,141,ANULACION DE OPERACION,ANULACION DE OPERACION,AD / Administrador del Sistema; ADET / Administrador de Etapa; ADSEC / Administrador de Secuencia; CLI / Cliente; CON / Conductor; OP / Operador; PF / Proforma; PLAN / Planificador; PRO / Proveedor; REC / Recepcionista; RP / Reportes; nav / nav,ETAPA_LOG (CI+SC+ET); ver inventario operacional,True,True,,['1'],1
1,7,HARINAS,RECEPCION DE HARINAS T2,RECEPCION,1,210,90,PROGRAMADO EN PATIO (REC  HA),PROGRAMADO EN PATIO (REC  HA),ADCON / Administrador de Conductor; ADET / Administrador de Etapa; ADSEC / Administrador de Secuencia; CLI / Cliente; CON / Conductor; OP / Operador; PF / Proforma; PLAN / Planificador; PRO / Proveedor; REC / Recepcionista; RP / Reportes; nav / nav,ETAPA_LOG (CI+SC+ET); ver inventario operacional,True,True,,"['7', '6', '29', '31', '27']",1
1,7,HARINAS,RECEPCION DE HARINAS T2,RECEPCION,2,67,26,EN PESAJE FULL,EN PESAJE FULL,OP / Operador; REC / Recepcionista,ETAPA_LOG (CI+SC+ET); ver inventario operacional,True,True,,"['37', '13', '14', '1831']",1
1,7,HARINAS,RECEPCION DE HARINAS T2,RECEPCION,3,90,33,EN DESCARGA,EN  DESCARGA,ADET / Administrador de Etapa; ADSEC / Administrador de Secuencia; OP / Operador; PLAN / Planificador; REC / Recepcionista; nav / nav,ETAPA_LOG (CI+SC+ET); ver inventario operacional,True,True,,"['10', '26', '36']",1
1,7,HARINAS,RECEPCION DE HARINAS T2,RECEPCION,4,69,18,EN PESAJE VACIO,EN PESAJE VACIO,OP / Operador; REC / Recepcionista,ETAPA_LOG (CI+SC+ET); ver inventario operacional,True,True,,"['37', '13', '14', '1831']",1
1,7,HARINAS,RECEPCION DE HARINAS T2,RECEPCION,5,219,91,SECUENCIA TERMINADA,SECUENCIA TERMINADA,ADCON / Administrador de Conductor; ADET / Administrador de Etapa; ADSEC / Administrador de Secuencia; CLI / Cliente; CON / Conductor; OP / Operador; PF / Proforma; PLAN / Planificador; PRO / Proveedor; REC / Recepcionista; RP / Reportes; nav / nav,ETAPA_LOG (CI+SC+ET); ver inventario operacional,True,True,,"['6', '7', '31', '27', '29']",1
1,8,NO OCUPAR,NO OCUPAR,RECEPCION,1,209,89,PROGRAMADO EN PATIO ( REC AC ),PROGRAMADO EN PATIO ( REC AC ),ADCON / Administrador de Conductor; ADET / Administrador de Etapa; ADSEC / Administrador de Secuencia; CLI / Cliente; CON / Conductor; OP / Operador; PF / Proforma; PLAN / Planificador; PRO / Proveedor; REC / Recepcionista; RP / Reportes; nav / nav,ETAPA_LOG (CI+SC+ET); ver inventario operacional,False,True,,"['7', '6', '29', '31', '27']",1
1,8,NO OCUPAR,NO OCUPAR,RECEPCION,2,97,38,PESAJE FULL REC AC,PESAJE FULL REC AC,OP / Operador; REC / Recepcionista,ETAPA_LOG (CI+SC+ET); ver inventario operacional,False,True,,"['55', '14', '37', '13', '15', '12']",1
1,8,NO OCUPAR,NO OCUPAR,RECEPCION,3,129,62,CONTROL CALIDAD REC AC,CONTROL CALIDAD REC AC,OP / Operador; REC / Recepcionista,ETAPA_LOG (CI+SC+ET); ver inventario operacional,False,True,,"['42', '44', '43']",1
1,8,NO OCUPAR,NO OCUPAR,RECEPCION,4,161,77,EN DESCARGA REC AC,EN DESCARGA REC AC,OP / Operador; PF / Proforma; REC / Recepcionista,ETAPA_LOG (CI+SC+ET); ver inventario operacional,False,True,,"['54', '22', '23', '25', '24']",1
1,8,NO OCUPAR,NO OCUPAR,RECEPCION,5,98,39,PESAJE VACIO REC AC,PESAJE VACIO REC AC,OP / Operador; REC / Recepcionista,ETAPA_LOG (CI+SC+ET); ver inventario operacional,False,True,,"['55', '14', '37', '13', '15', '12']",1
1,8,NO OCUPAR,NO OCUPAR,RECEPCION,6,217,91,SECUENCIA TERMINADA,SECUENCIA TERMINADA,ADCON / Administrador de Conductor; ADET / Administrador de Etapa; ADSEC / Administrador de Secuencia; CLI / Cliente; CON / Conductor; OP / Operador; PF / Proforma; PLAN / Planificador; PRO / Proveedor; REC / Recepcionista; RP / Reportes; nav / nav,ETAPA_LOG (CI+SC+ET); ver inventario operacional,False,True,,"['6', '7', '31', '27', '29']",1
1,9,HARINAS,DESPACHO HARINAS DESDE  T 1,DESPACHO,1,198,84,PROGRAMADO EN PATIO,PROGRAMADO EN PATIO,ADET / Administrador de Etapa; ADSEC / Administrador de Secuencia; OP / Operador; PLAN / Planificador; REC / Recepcionista; nav / nav,ETAPA_LOG (CI+SC+ET); ver inventario operacional,True,True,,"['46', '41', '40', '38', '52', '39', '53', '49', '26', '1857', '16']",1
1,9,HARINAS,DESPACHO HARINAS DESDE  T 1,DESPACHO,2,126,59,PESAJE VACIO DH,PESAJE VACIO DH,OP / Operador; REC / Recepcionista,ETAPA_LOG (CI+SC+ET); ver inventario operacional,True,True,,"['37', '15', '13', '14', '12', '1831']",1
1,9,HARINAS,DESPACHO HARINAS DESDE  T 1,DESPACHO,3,237,92,CAMION EN REVISION-DH,CAMION EN REVISION-DH,ADET / Administrador de Etapa; ADSEC / Administrador de Secuencia; OP / Operador; PF / Proforma; PLAN / Planificador; REC / Recepcionista; nav / nav,ETAPA_LOG (CI+SC+ET); ver inventario operacional,True,True,,"['36', '9', '35', '26', '10', '34']",1
1,9,HARINAS,DESPACHO HARINAS DESDE  T 1,DESPACHO,4,52,21,Pesaje cargado,Pesaje cargado,OP / Operador; REC / Recepcionista,ETAPA_LOG (CI+SC+ET); ver inventario operacional,True,True,,"['37', '15', '13', '14', '12', '1831']",1
1,9,HARINAS,DESPACHO HARINAS DESDE  T 1,DESPACHO,5,53,22,ENCARPE Y EMISION DE GUIA,ENCARPE Y EMISION DE GUIA,AD / Administrador del Sistema; ADCON / Administrador de Conductor; ADET / Administrador de Etapa; ADSEC / Administrador de Secuencia; CLI / Cliente; CON / Conductor; OP / Operador; PF / Proforma; PLAN / Planificador; PRO / Proveedor; REC / Recepcionista; RP / Reportes; nav / nav,ETAPA_LOG (CI+SC+ET); ver inventario operacional,True,True,,"['5', '8', '32', '30', '4', '1851', '1864', '1837', '1866']",1
1,9,HARINAS,DESPACHO HARINAS DESDE  T 1,DESPACHO,6,213,91,SECUENCIA TERMINADA,SECUENCIA TERMINADA,ADET / Administrador de Etapa; ADSEC / Administrador de Secuencia; OP / Operador; PLAN / Planificador; REC / Recepcionista,ETAPA_LOG (CI+SC+ET); ver inventario operacional,True,True,,"['41', '40', '46', '49', '52', '16']",1
1,9,HARINAS,DESPACHO HARINAS DESDE  T 1,DESPACHO,7,292,141,ANULACION DE OPERACION,ANULACION DE OPERACION,AD / Administrador del Sistema; ADET / Administrador de Etapa; ADSEC / Administrador de Secuencia; CLI / Cliente; CON / Conductor; OP / Operador; PF / Proforma; PLAN / Planificador; PRO / Proveedor; REC / Recepcionista; RP / Reportes; nav / nav,ETAPA_LOG (CI+SC+ET); ver inventario operacional,True,True,,"['4', '1']",1
1,12,CHATARRA BASURA,RETIRO CHATARRA-BASURA,DESPACHO,1,204,84,PROGRAMADO EN PATIO,PROGRAMADO EN PATIO,ADET / Administrador de Etapa; ADSEC / Administrador de Secuencia; OP / Operador; PF / Proforma; PLAN / Planificador; REC / Recepcionista; nav / nav,ETAPA_LOG (CI+SC+ET); ver inventario operacional,True,True,,"['1832', '28', '1849', '36', '35', '10', '9', '26']",1
1,12,CHATARRA BASURA,RETIRO CHATARRA-BASURA,DESPACHO,2,122,55,PESAJE CAMION VACIO ( CHATARRA-BASURA),PESAJE CAMION VACIO ( CHATARRA-BASURA),OP / Operador; REC / Recepcionista,ETAPA_LOG (CI+SC+ET); ver inventario operacional,True,True,,"['15', '37', '13', '14', '12', '1831']",1
1,12,CHATARRA BASURA,RETIRO CHATARRA-BASURA,DESPACHO,3,123,56,CAMION EN CARGA (CHATARRA-BASURA),CAMION EN CARGA (CHATARRA-BASURA),ADET / Administrador de Etapa; ADSEC / Administrador de Secuencia; OP / Operador; PF / Proforma; PLAN / Planificador; REC / Recepcionista; nav / nav,ETAPA_LOG (CI+SC+ET); ver inventario operacional,True,True,,"['36', '9', '26', '34']",1
1,12,CHATARRA BASURA,RETIRO CHATARRA-BASURA,DESPACHO,4,149,74,PESAJE CARGADO (CHATARRA BASURA),PESAJE CARGADO (CHATARRA BASURA),OP / Operador; REC / Recepcionista,ETAPA_LOG (CI+SC+ET); ver inventario operacional,True,True,,"['15', '37', '13', '14', '12', '1831']",1
1,12,CHATARRA BASURA,RETIRO CHATARRA-BASURA,DESPACHO,5,151,75,EMISION GUIA Y SALIDA(BASURA CHATARRA),EMISION GUIA Y SALIDA(BASURA CHATARRA),AD / Administrador del Sistema; ADCON / Administrador de Conductor; ADET / Administrador de Etapa; ADSEC / Administrador de Secuencia; CLI / Cliente; CON / Conductor; OP / Operador; PF / Proforma; PLAN / Planificador; PRO / Proveedor; REC / Recepcionista; RP / Reportes; nav / nav,ETAPA_LOG (CI+SC+ET); ver inventario operacional,True,True,,"['5', '32', '30', '4', '1866']",1
1,12,CHATARRA BASURA,RETIRO CHATARRA-BASURA,DESPACHO,6,221,91,SECUENCIA TERMINADA,SECUENCIA TERMINADA,ADET / Administrador de Etapa; ADSEC / Administrador de Secuencia; OP / Operador; PLAN / Planificador; REC / Recepcionista; nav / nav,ETAPA_LOG (CI+SC+ET); ver inventario operacional,True,True,,"['41', '40', '46', '52', '26', '16']",1
1,14,CONTENEDORES VACIOS,DEVOLUCION DE CONTENEDORES VACIOS,RECEPCION,1,206,84,PROGRAMADO EN PATIO,PROGRAMADO EN PATIO,ADCON / Administrador de Conductor; ADET / Administrador de Etapa; ADSEC / Administrador de Secuencia; CLI / Cliente; CON / Conductor; OP / Operador; PF / Proforma; PLAN / Planificador; PRO / Proveedor; REC / Recepcionista; RP / Reportes; nav / nav,ETAPA_LOG (CI+SC+ET); ver inventario operacional,True,True,,"['6', '7', '29', '31', '27']",1
1,14,CONTENEDORES VACIOS,DEVOLUCION DE CONTENEDORES VACIOS,RECEPCION,2,116,49,PESAJE VACIO ( Despacho Contenedor Vacío),PESAJE VACIO ( Despacho Contenedor Vacío),OP / Operador; REC / Recepcionista,ETAPA_LOG (CI+SC+ET); ver inventario operacional,True,True,,"['15', '14', '1831', '12']",1
1,14,CONTENEDORES VACIOS,DEVOLUCION DE CONTENEDORES VACIOS,RECEPCION,3,117,50,EN ZONA DE CARGA (Despacho Contenedor Vacío),EN ZONA DE CARGA (Despacho Contenedor Vacío),ADCON / Administrador de Conductor; ADET / Administrador de Etapa; ADSEC / Administrador de Secuencia; CLI / Cliente; CON / Conductor; OP / Operador; PF / Proforma; PLAN / Planificador; PRO / Proveedor; REC / Recepcionista; RP / Reportes,ETAPA_LOG (CI+SC+ET); ver inventario operacional,True,True,,"['24', '29', '1282']",1
1,14,CONTENEDORES VACIOS,DEVOLUCION DE CONTENEDORES VACIOS,RECEPCION,4,118,51,PESAJE CON CONTENEDOR ( Despacho Contenedor Vacío),PESAJE CON CONTENEDOR ( Despacho Contenedor Vacío),OP / Operador; REC / Recepcionista,ETAPA_LOG (CI+SC+ET); ver inventario operacional,True,True,,"['15', '14', '1831', '12']",1
1,14,CONTENEDORES VACIOS,DEVOLUCION DE CONTENEDORES VACIOS,RECEPCION,5,233,91,SECUENCIA TERMINADA,SECUENCIA TERMINADA,ADCON / Administrador de Conductor; ADET / Administrador de Etapa; ADSEC / Administrador de Secuencia; CLI / Cliente; CON / Conductor; OP / Operador; PF / Proforma; PLAN / Planificador; PRO / Proveedor; REC / Recepcionista; RP / Reportes; nav / nav,ETAPA_LOG (CI+SC+ET); ver inventario operacional,True,True,,"['6', '7', '29', '31', '27']",1
1,15,TRASLADOS AC,TRASLADOS AC,DESPACHO,1,207,84,PROGRAMADO EN PATIO,PROGRAMADO EN PATIO,AD / Administrador del Sistema; ADET / Administrador de Etapa; ADSEC / Administrador de Secuencia; CLI / Cliente; CON / Conductor; OP / Operador; PF / Proforma; PLAN / Planificador; PRO / Proveedor; REC / Recepcionista; RP / Reportes; nav / nav,ETAPA_LOG (CI+SC+ET); ver inventario operacional,True,True,,"['4', '1849', '28', '38', '39']",1
1,15,TRASLADOS AC,TRASLADOS AC,DESPACHO,2,100,41,PESAJE VACIO ( TRASLADO ACEITE),PESAJE VACIO ( TRASLADO ACEITE),OP / Operador; REC / Recepcionista,ETAPA_LOG (CI+SC+ET); ver inventario operacional,True,True,,"['15', '14', '12', '1831']",1
1,15,TRASLADOS AC,TRASLADOS AC,DESPACHO,3,101,42,CAMION EN CARGA ( TRASLADO ACEITE),CAMION EN CARGA ( TRASLADO ACEITE),OP / Operador; PF / Proforma; REC / Recepcionista,ETAPA_LOG (CI+SC+ET); ver inventario operacional,True,True,,"['23', '25', '1849', '28']",1
1,15,TRASLADOS AC,TRASLADOS AC,DESPACHO,4,102,43,PESAJE FULL(TRASLADO ACEITE),PESAJE FULL(TRASLADO ACEITE),OP / Operador,ETAPA_LOG (CI+SC+ET); ver inventario operacional,True,True,,"['14', '15', '12']",1
1,15,TRASLADOS AC,TRASLADOS AC,DESPACHO,5,103,44,EMISION GUIA Y SALIDA (TRASLADO ACEITE),EMISION GUIA Y SALIDA (TRASLADO ACEITE),ADCON / Administrador de Conductor; ADET / Administrador de Etapa; ADSEC / Administrador de Secuencia; CLI / Cliente; CON / Conductor; OP / Operador; PF / Proforma; PLAN / Planificador; PRO / Proveedor; REC / Recepcionista; RP / Reportes; nav / nav,ETAPA_LOG (CI+SC+ET); ver inventario operacional,True,True,,"['6', '27', '1849', '28', '29', '7']",1
1,15,TRASLADOS AC,TRASLADOS AC,DESPACHO,6,290,91,SECUENCIA TERMINADA,SECUENCIA TERMINADA,ADET / Administrador de Etapa; ADSEC / Administrador de Secuencia; OP / Operador; PLAN / Planificador; REC / Recepcionista,ETAPA_LOG (CI+SC+ET); ver inventario operacional,True,True,,"['1849', '28', '16']",1
1,15,TRASLADOS AC,TRASLADOS AC,DESPACHO,7,289,141,ANULACION DE OPERACION,ANULACION DE OPERACION,AD / Administrador del Sistema; ADET / Administrador de Etapa; ADSEC / Administrador de Secuencia; CLI / Cliente; CON / Conductor; OP / Operador; PF / Proforma; PLAN / Planificador; PRO / Proveedor; REC / Recepcionista; RP / Reportes; nav / nav,ETAPA_LOG (CI+SC+ET); ver inventario operacional,True,True,,['1'],1
1,16,HARINAS,RECEPCION DE  HARINAS T6,RECEPCION,1,211,90,PROGRAMADO EN PATIO (REC  HA),PROGRAMADO EN PATIO (REC  HA),ADCON / Administrador de Conductor; ADET / Administrador de Etapa; ADSEC / Administrador de Secuencia; CLI / Cliente; CON / Conductor; OP / Operador; PF / Proforma; PLAN / Planificador; PRO / Proveedor; REC / Recepcionista; RP / Reportes; nav / nav,ETAPA_LOG (CI+SC+ET); ver inventario operacional,False,True,,"['27', '6', '11', '35', '33', '36', '10', '9', '29', '26', '1857', '7']",1
1,16,HARINAS,RECEPCION DE  HARINAS T6,RECEPCION,2,187,26,EN PESAJE FULL,EN PESAJE FULL,OP / Operador; REC / Recepcionista,ETAPA_LOG (CI+SC+ET); ver inventario operacional,False,True,,"['37', '15', '13', '14', '12', '1831']",1
1,16,HARINAS,RECEPCION DE  HARINAS T6,RECEPCION,3,106,33,EN DESCARGA,EN  DESCARGA,ADET / Administrador de Etapa; ADSEC / Administrador de Secuencia; OP / Operador; PLAN / Planificador; REC / Recepcionista; nav / nav,ETAPA_LOG (CI+SC+ET); ver inventario operacional,False,True,,"['11', '26', '33', '35', '34', '36']",1
1,16,HARINAS,RECEPCION DE  HARINAS T6,RECEPCION,4,107,18,EN PESAJE VACIO,EN PESAJE VACIO,OP / Operador; REC / Recepcionista,ETAPA_LOG (CI+SC+ET); ver inventario operacional,False,True,,"['37', '15', '13', '14', '12', '1831']",1
1,16,HARINAS,RECEPCION DE  HARINAS T6,RECEPCION,5,220,91,SECUENCIA TERMINADA,SECUENCIA TERMINADA,ADCON / Administrador de Conductor; ADET / Administrador de Etapa; ADSEC / Administrador de Secuencia; CLI / Cliente; CON / Conductor; OP / Operador; PF / Proforma; PLAN / Planificador; PRO / Proveedor; REC / Recepcionista; RP / Reportes; nav / nav,ETAPA_LOG (CI+SC+ET); ver inventario operacional,False,True,,"['6', '7', '31', '27', '29']",1
1,17,HARINAS,RECEPCION DE HARINAS T1,RECEPCION,1,212,90,PROGRAMADO EN PATIO (REC  HA),PROGRAMADO EN PATIO (REC  HA),ADCON / Administrador de Conductor; ADET / Administrador de Etapa; ADSEC / Administrador de Secuencia; CLI / Cliente; CON / Conductor; OP / Operador; PF / Proforma; PLAN / Planificador; PRO / Proveedor; REC / Recepcionista; RP / Reportes; nav / nav,ETAPA_LOG (CI+SC+ET); ver inventario operacional,True,True,,"['6', '27', '9', '33', '35', '36', '1857', '29', '10', '11', '26', '7']",1
1,17,HARINAS,RECEPCION DE HARINAS T1,RECEPCION,2,186,26,EN PESAJE FULL,EN PESAJE FULL,OP / Operador; REC / Recepcionista,ETAPA_LOG (CI+SC+ET); ver inventario operacional,True,True,,"['37', '15', '13', '14', '12', '1831']",1
1,17,HARINAS,RECEPCION DE HARINAS T1,RECEPCION,3,111,33,EN DESCARGA,EN  DESCARGA,ADET / Administrador de Etapa; ADSEC / Administrador de Secuencia; OP / Operador; PF / Proforma; PLAN / Planificador; REC / Recepcionista; nav / nav,ETAPA_LOG (CI+SC+ET); ver inventario operacional,True,True,,"['9', '35', '34', '36', '10', '26']",1
1,17,HARINAS,RECEPCION DE HARINAS T1,RECEPCION,4,112,18,EN PESAJE VACIO,EN PESAJE VACIO,OP / Operador; REC / Recepcionista,ETAPA_LOG (CI+SC+ET); ver inventario operacional,True,True,,"['37', '15', '13', '14', '12', '1831']",1
1,17,HARINAS,RECEPCION DE HARINAS T1,RECEPCION,5,218,91,SECUENCIA TERMINADA,SECUENCIA TERMINADA,ADCON / Administrador de Conductor; ADET / Administrador de Etapa; ADSEC / Administrador de Secuencia; CLI / Cliente; CON / Conductor; OP / Operador; PF / Proforma; PLAN / Planificador; PRO / Proveedor; REC / Recepcionista; RP / Reportes; nav / nav,ETAPA_LOG (CI+SC+ET); ver inventario operacional,True,True,,"['6', '7', '31', '27', '29']",1
1,17,HARINAS,RECEPCION DE HARINAS T1,RECEPCION,6,362,193,ANULACION DE OPERACION RH T1,ANULACION DE OPERACION RH T1,AD / Administrador del Sistema; ADET / Administrador de Etapa; ADSEC / Administrador de Secuencia; CLI / Cliente; CON / Conductor; OP / Operador; PF / Proforma; PLAN / Planificador; PRO / Proveedor; REC / Recepcionista; RP / Reportes; nav / nav,ETAPA_LOG (CI+SC+ET); ver inventario operacional,True,True,,['1'],1
1,23,DESPACHO,TRASVASIJES-2,DESPACHO,1,160,69,AUTORIZACION SALIDA,AUTORIZACION SALIDA,Sin perfil vinculado al detalle; ver pasos operacionales,ETAPA_LOG (CI+SC+ET); ver inventario operacional,False,True,,,1
1,25,HARINAS,DESPACHO HARINAS DESDE T2,DESPACHO,1,199,84,PROGRAMADO EN PATIO,PROGRAMADO EN PATIO,ADET / Administrador de Etapa; ADSEC / Administrador de Secuencia; OP / Operador; PLAN / Planificador; REC / Recepcionista,ETAPA_LOG (CI+SC+ET); ver inventario operacional,True,True,,"['38', '49', '40', '46', '41', '39', '52', '53', '16']",1
1,25,HARINAS,DESPACHO HARINAS DESDE T2,DESPACHO,2,171,59,PESAJE VACIO DH,PESAJE VACIO DH,OP / Operador; REC / Recepcionista,ETAPA_LOG (CI+SC+ET); ver inventario operacional,True,True,,"['37', '15', '13', '14', '12', '1831']",1
1,25,HARINAS,DESPACHO HARINAS DESDE T2,DESPACHO,3,238,92,CAMION EN REVISION-DH,CAMION EN REVISION-DH,OP / Operador; PLAN / Planificador; REC / Recepcionista,ETAPA_LOG (CI+SC+ET); ver inventario operacional,True,True,,"['10', '35', '36']",1
1,25,HARINAS,DESPACHO HARINAS DESDE T2,DESPACHO,4,173,21,Pesaje cargado,Pesaje cargado,OP / Operador; REC / Recepcionista,ETAPA_LOG (CI+SC+ET); ver inventario operacional,True,True,,"['37', '15', '13', '14', '12', '1831']",1
1,25,HARINAS,DESPACHO HARINAS DESDE T2,DESPACHO,5,175,22,ENCARPE Y EMISION DE GUIA,ENCARPE Y EMISION DE GUIA,AD / Administrador del Sistema; ADCON / Administrador de Conductor; ADET / Administrador de Etapa; ADSEC / Administrador de Secuencia; CLI / Cliente; CON / Conductor; OP / Operador; PF / Proforma; PLAN / Planificador; PRO / Proveedor; REC / Recepcionista; RP / Reportes; nav / nav,ETAPA_LOG (CI+SC+ET); ver inventario operacional,True,True,,"['5', '8', '32', '30', '4', '1851', '1837', '1866']",1
1,25,HARINAS,DESPACHO HARINAS DESDE T2,DESPACHO,6,214,91,SECUENCIA TERMINADA,SECUENCIA TERMINADA,ADET / Administrador de Etapa; ADSEC / Administrador de Secuencia; OP / Operador; PLAN / Planificador; REC / Recepcionista,ETAPA_LOG (CI+SC+ET); ver inventario operacional,True,True,,"['46', '40', '16', '41', '52']",1
1,25,HARINAS,DESPACHO HARINAS DESDE T2,DESPACHO,7,293,141,ANULACION DE OPERACION,ANULACION DE OPERACION,AD / Administrador del Sistema; ADET / Administrador de Etapa; ADSEC / Administrador de Secuencia; CLI / Cliente; CON / Conductor; OP / Operador; PF / Proforma; PLAN / Planificador; PRO / Proveedor; REC / Recepcionista; RP / Reportes; nav / nav,ETAPA_LOG (CI+SC+ET); ver inventario operacional,True,True,,['1'],1
1,26,HARINAS,DESPACHO HARINAS DESDE T6,DESPACHO,1,200,84,PROGRAMADO EN PATIO,PROGRAMADO EN PATIO,ADET / Administrador de Etapa; ADSEC / Administrador de Secuencia; OP / Operador; PLAN / Planificador; REC / Recepcionista,ETAPA_LOG (CI+SC+ET); ver inventario operacional,False,True,,"['46', '41', '40', '38', '52', '39', '53', '49', '1857', '16']",1
1,26,HARINAS,DESPACHO HARINAS DESDE T6,DESPACHO,2,180,59,PESAJE VACIO DH,PESAJE VACIO DH,OP / Operador; REC / Recepcionista,ETAPA_LOG (CI+SC+ET); ver inventario operacional,False,True,,"['37', '15', '13', '14', '12', '1831']",1
1,26,HARINAS,DESPACHO HARINAS DESDE T6,DESPACHO,3,239,92,CAMION EN REVISION-DH,CAMION EN REVISION-DH,ADET / Administrador de Etapa; ADSEC / Administrador de Secuencia; OP / Operador; PLAN / Planificador; REC / Recepcionista; nav / nav,ETAPA_LOG (CI+SC+ET); ver inventario operacional,False,True,,"['11', '36', '35', '26', '33', '10', '34']",1
1,26,HARINAS,DESPACHO HARINAS DESDE T6,DESPACHO,4,182,21,Pesaje cargado,Pesaje cargado,OP / Operador; REC / Recepcionista,ETAPA_LOG (CI+SC+ET); ver inventario operacional,False,True,,"['37', '15', '13', '14', '12', '1831']",1
1,26,HARINAS,DESPACHO HARINAS DESDE T6,DESPACHO,5,184,22,ENCARPE Y EMISION DE GUIA,ENCARPE Y EMISION DE GUIA,AD / Administrador del Sistema; ADCON / Administrador de Conductor; ADET / Administrador de Etapa; ADSEC / Administrador de Secuencia; CLI / Cliente; CON / Conductor; OP / Operador; PF / Proforma; PLAN / Planificador; PRO / Proveedor; REC / Recepcionista; RP / Reportes; nav / nav,ETAPA_LOG (CI+SC+ET); ver inventario operacional,False,True,,"['5', '8', '32', '30', '4', '1851', '1864', '1837', '1866']",1
1,26,HARINAS,DESPACHO HARINAS DESDE T6,DESPACHO,6,215,91,SECUENCIA TERMINADA,SECUENCIA TERMINADA,ADET / Administrador de Etapa; ADSEC / Administrador de Secuencia; OP / Operador; PLAN / Planificador; REC / Recepcionista,ETAPA_LOG (CI+SC+ET); ver inventario operacional,False,True,,"['41', '40', '46', '49', '51', '52', '16']",1
1,26,HARINAS,DESPACHO HARINAS DESDE T6,DESPACHO,7,294,141,ANULACION DE OPERACION,ANULACION DE OPERACION,AD / Administrador del Sistema; ADET / Administrador de Etapa; ADSEC / Administrador de Secuencia; CLI / Cliente; CON / Conductor; OP / Operador; PF / Proforma; PLAN / Planificador; PRO / Proveedor; REC / Recepcionista; RP / Reportes; nav / nav,ETAPA_LOG (CI+SC+ET); ver inventario operacional,False,True,,['1'],1
1,27,COMBUSTIBLES,RECEPCION COMBUSTIBLES -PALLETS Y OTROS,RECEPCION,1,230,85,CAMION PROGRAMADO  ( COMBUSTIBLE),CAMION PROGRAMADO  ( COMBUSTIBLE),ADET / Administrador de Etapa; ADSEC / Administrador de Secuencia; PLAN / Planificador; REC / Recepcionista; nav / nav,ETAPA_LOG (CI+SC+ET); ver inventario operacional,True,True,,"['26', '35', '36']",1
1,27,COMBUSTIBLES,RECEPCION COMBUSTIBLES -PALLETS Y OTROS,RECEPCION,2,235,87,EN DESCARGA ( COMBUSTIBLE ),EN DESCARGA ( COMBUSTIBLE ),ADET / Administrador de Etapa; ADSEC / Administrador de Secuencia; OP / Operador; PF / Proforma; PLAN / Planificador; REC / Recepcionista; nav / nav,ETAPA_LOG (CI+SC+ET); ver inventario operacional,True,True,,"['9', '34', '26']",1
1,27,COMBUSTIBLES,RECEPCION COMBUSTIBLES -PALLETS Y OTROS,RECEPCION,3,232,88,SALIDA DE PLANTA( COMBUSTIBLE),SALIDA DE PLANTA( COMBUSTIBLE),ADET / Administrador de Etapa; ADSEC / Administrador de Secuencia; OP / Operador; PLAN / Planificador; REC / Recepcionista; nav / nav,ETAPA_LOG (CI+SC+ET); ver inventario operacional,True,True,,"['41', '40', '46', '52', '26', '16']",1
1,27,COMBUSTIBLES,RECEPCION COMBUSTIBLES -PALLETS Y OTROS,RECEPCION,4,236,91,SECUENCIA TERMINADA,SECUENCIA TERMINADA,ADET / Administrador de Etapa; ADSEC / Administrador de Secuencia; OP / Operador; PLAN / Planificador; REC / Recepcionista; nav / nav,ETAPA_LOG (CI+SC+ET); ver inventario operacional,True,True,,"['41', '46', '52', '26', '16']",1
1,28,ACEITES A PISO,RECEPCION DE ACEITES A PISO,RECEPCION,1,229,89,PROGRAMADO EN PATIO ( REC AC ),PROGRAMADO EN PATIO ( REC AC ),ADCON / Administrador de Conductor; ADET / Administrador de Etapa; ADSEC / Administrador de Secuencia; CLI / Cliente; CON / Conductor; OP / Operador; PF / Proforma; PLAN / Planificador; PRO / Proveedor; REC / Recepcionista; RP / Reportes; nav / nav,ETAPA_LOG (CI+SC+ET); ver inventario operacional,False,True,,"['27', '6', '38', '29', '1857', '7']",1
1,28,ACEITES A PISO,RECEPCION DE ACEITES A PISO,RECEPCION,2,225,38,PESAJE FULL REC AC,PESAJE FULL REC AC,OP / Operador; REC / Recepcionista,ETAPA_LOG (CI+SC+ET); ver inventario operacional,False,True,,"['15', '14', '12', '1831']",1
1,28,ACEITES A PISO,RECEPCION DE ACEITES A PISO,RECEPCION,3,226,62,CONTROL CALIDAD REC AC,CONTROL CALIDAD REC AC,OP / Operador; REC / Recepcionista,ETAPA_LOG (CI+SC+ET); ver inventario operacional,False,True,,"['42', '44', '43']",1
1,28,ACEITES A PISO,RECEPCION DE ACEITES A PISO,RECEPCION,4,227,77,EN DESCARGA REC AC,EN DESCARGA REC AC,PLAN / Planificador; PRO / Proveedor,ETAPA_LOG (CI+SC+ET); ver inventario operacional,False,True,,"['1832', '111']",1
1,28,ACEITES A PISO,RECEPCION DE ACEITES A PISO,RECEPCION,5,224,39,PESAJE VACIO REC AC,PESAJE VACIO REC AC,OP / Operador; REC / Recepcionista,ETAPA_LOG (CI+SC+ET); ver inventario operacional,False,True,,"['37', '15', '14', '12', '1831']",1
1,28,ACEITES A PISO,RECEPCION DE ACEITES A PISO,RECEPCION,6,228,91,SECUENCIA TERMINADA,SECUENCIA TERMINADA,ADCON / Administrador de Conductor; ADET / Administrador de Etapa; ADSEC / Administrador de Secuencia; CLI / Cliente; CON / Conductor; OP / Operador; PF / Proforma; PLAN / Planificador; PRO / Proveedor; REC / Recepcionista; RP / Reportes; nav / nav,ETAPA_LOG (CI+SC+ET); ver inventario operacional,False,True,,"['6', '7', '29', '31', '27']",1
1,29,NUEVA RECEPCION HARINAS,NUEVA RECEPCION HARINAS,RECEPCION,1,240,93,PLANFICACION DE CAMION RH (NUEVA ),PLANIFICACION DE CAMION RH ( NUEVA),ADCON / Administrador de Conductor; ADET / Administrador de Etapa; ADSEC / Administrador de Secuencia; CLI / Cliente; CON / Conductor; OP / Operador; PF / Proforma; PLAN / Planificador; PRO / Proveedor; REC / Recepcionista; RP / Reportes; nav / nav,ETAPA_LOG (CI+SC+ET); ver inventario operacional,False,True,,"['6', '7', '31', '27', '29']",1
1,29,NUEVA RECEPCION HARINAS,NUEVA RECEPCION HARINAS,RECEPCION,2,249,97,DERIVADO A PATIO RH ( NUEVA),DERIVADO A PATIO RH ( NUEVA),ADET / Administrador de Etapa; ADSEC / Administrador de Secuencia; OP / Operador; PLAN / Planificador; REC / Recepcionista,ETAPA_LOG (CI+SC+ET); ver inventario operacional,False,True,,"['48', '38', '41', '49', '40', '46', '16', '47', '51', '50', '39', '52']",1
1,29,NUEVA RECEPCION HARINAS,NUEVA RECEPCION HARINAS,RECEPCION,3,241,96,INGRESO DIRECTO  A PLANTA RH ( NUEVA),INGRESO DIRECTO  A PLANTA RH ( NUEVA),ADET / Administrador de Etapa; ADSEC / Administrador de Secuencia; OP / Operador; PLAN / Planificador; REC / Recepcionista,ETAPA_LOG (CI+SC+ET); ver inventario operacional,False,True,,"['48', '41', '49', '40', '46', '16', '47', '51', '50', '39', '52', '53']",1
1,29,NUEVA RECEPCION HARINAS,NUEVA RECEPCION HARINAS,RECEPCION,4,244,99,PESAJE FULL RH ( NUEVA),PESAJE FULL RH ( NUEVA),OP / Operador; REC / Recepcionista,ETAPA_LOG (CI+SC+ET); ver inventario operacional,False,True,,"['37', '15', '14', '12', '1831']",1
1,29,NUEVA RECEPCION HARINAS,NUEVA RECEPCION HARINAS,RECEPCION,5,245,100,DESCARGA EN BODEGA  RH ( NUEVA),DESCARGA EN BODEGA  RH ( NUEVA),ADET / Administrador de Etapa; ADSEC / Administrador de Secuencia; OP / Operador; PF / Proforma; PLAN / Planificador; REC / Recepcionista; nav / nav,ETAPA_LOG (CI+SC+ET); ver inventario operacional,False,True,,"['11', '36', '35', '9', '33', '10', '26', '34']",1
1,29,NUEVA RECEPCION HARINAS,NUEVA RECEPCION HARINAS,RECEPCION,6,246,101,PESAJE VACIO  RH ( NUEVO),PESAJE VACIO  RH ( NUEVO),OP / Operador; REC / Recepcionista,ETAPA_LOG (CI+SC+ET); ver inventario operacional,False,True,,"['37', '15', '14', '12', '1831']",1
1,29,NUEVA RECEPCION HARINAS,NUEVA RECEPCION HARINAS,RECEPCION,7,247,95,SECUENCIA TERMINADA RH ( NUEVA),SECUENCIA TERMINADA RH ( NUEVA),ADET / Administrador de Etapa; ADSEC / Administrador de Secuencia; OP / Operador; PLAN / Planificador; REC / Recepcionista,ETAPA_LOG (CI+SC+ET); ver inventario operacional,False,True,,"['48', '38', '41', '49', '40', '46', '16', '47', '51', '50', '39', '52', '53']",1
1,30,NUEVA RECEPCION DE ACEITES,NUEVA RECEPCION DE ACEITES,RECEPCION,1,250,102,PROGRAMADO EN PATIO NV REC AC,PROGRAMADO EN PATIO NV REC AC,ADCON / Administrador de Conductor; ADET / Administrador de Etapa; ADSEC / Administrador de Secuencia; CLI / Cliente; CON / Conductor; OP / Operador; PF / Proforma; PLAN / Planificador; PRO / Proveedor; REC / Recepcionista; RP / Reportes; nav / nav,ETAPA_LOG (CI+SC+ET); ver inventario operacional,False,True,,"['27', '6', '29', '1857', '7']",1
1,30,NUEVA RECEPCION DE ACEITES,NUEVA RECEPCION DE ACEITES,RECEPCION,2,251,103,DESTINO INGRESO A PLANTA NV REC AC,DESTINO INGRESO A PLANTA NV REC AC,OP / Operador; PF / Proforma; PRO / Proveedor; REC / Recepcionista,ETAPA_LOG (CI+SC+ET); ver inventario operacional,False,True,,"['24', '111', '1282']",1
1,30,NUEVA RECEPCION DE ACEITES,NUEVA RECEPCION DE ACEITES,RECEPCION,3,252,104,INGRESO A DESCARGA NV REC AC,INGRESO A DESCARGA NV REC AC,ADCON / Administrador de Conductor; ADET / Administrador de Etapa; ADSEC / Administrador de Secuencia; CLI / Cliente; CON / Conductor; OP / Operador; PF / Proforma; PLAN / Planificador; PRO / Proveedor; REC / Recepcionista; RP / Reportes; nav / nav,ETAPA_LOG (CI+SC+ET); ver inventario operacional,False,True,,"['6', '31', '27', '29', '7']",1
1,30,NUEVA RECEPCION DE ACEITES,NUEVA RECEPCION DE ACEITES,RECEPCION,4,253,105,PESAJE FULL NV REC AC,PESAJE FULL NV REC AC,OP / Operador; REC / Recepcionista,ETAPA_LOG (CI+SC+ET); ver inventario operacional,False,True,,"['15', '14', '12', '1831']",1
1,30,NUEVA RECEPCION DE ACEITES,NUEVA RECEPCION DE ACEITES,RECEPCION,5,254,106,CONTROL CALIDAD NV REC AC,CONTROL CALIDAD NV REC AC,OP / Operador; REC / Recepcionista,ETAPA_LOG (CI+SC+ET); ver inventario operacional,False,True,,"['43', '42', '44']",1
1,30,NUEVA RECEPCION DE ACEITES,NUEVA RECEPCION DE ACEITES,RECEPCION,6,255,107,EN DESCARGA NV REC AC,EN DESCARGA NV REC AC,OP / Operador; PF / Proforma; REC / Recepcionista,ETAPA_LOG (CI+SC+ET); ver inventario operacional,False,True,,"['25', '24', '1282']",1
1,30,NUEVA RECEPCION DE ACEITES,NUEVA RECEPCION DE ACEITES,RECEPCION,7,256,108,PESAJE VACIO NV REC AC,PESAJE VACIO NV REC AC,OP / Operador; REC / Recepcionista,ETAPA_LOG (CI+SC+ET); ver inventario operacional,False,True,,"['15', '14', '12', '1831']",1
1,30,NUEVA RECEPCION DE ACEITES,NUEVA RECEPCION DE ACEITES,RECEPCION,8,257,109,SECUENCIA TERMINADA NV REC AC,SECUENCIA TERMINADA NV REC AC,ADCON / Administrador de Conductor; ADET / Administrador de Etapa; ADSEC / Administrador de Secuencia; CLI / Cliente; CON / Conductor; OP / Operador; PF / Proforma; PLAN / Planificador; PRO / Proveedor; REC / Recepcionista; RP / Reportes; nav / nav,ETAPA_LOG (CI+SC+ET); ver inventario operacional,False,True,,"['6', '31', '27', '29', '7']",1
1,31,RESIDUOS PELIGROSOS,RETIROS RESPEL  (SBH),DESPACHO,1,258,110,PROGRAMADO EN PATIO ( RESPEL),PROGRAMADO EN PATIO ( RESPEL),OP / Operador; REC / Recepcionista,ETAPA_LOG (CI+SC+ET); ver inventario operacional,True,True,,"['28', '1849']",1
1,31,RESIDUOS PELIGROSOS,RETIROS RESPEL  (SBH),DESPACHO,2,259,111,PESAJE CAMION VACIO (RESPEL),PESAJE CAMION VACIO (RESPEL),OP / Operador; REC / Recepcionista,ETAPA_LOG (CI+SC+ET); ver inventario operacional,True,True,,"['15', '14', '1831', '12']",1
1,31,RESIDUOS PELIGROSOS,RETIROS RESPEL  (SBH),DESPACHO,3,260,112,CAMION EN CARGA ( RESPEL),CAMION EN CARGA ( RESPEL),OP / Operador; REC / Recepcionista,ETAPA_LOG (CI+SC+ET); ver inventario operacional,True,True,,"['28', '1849', '1282']",1
1,31,RESIDUOS PELIGROSOS,RETIROS RESPEL  (SBH),DESPACHO,4,261,113,PESAJE CARGADO ( RESPEL),PESAJE CARGADO ( RESPEL),OP / Operador; REC / Recepcionista,ETAPA_LOG (CI+SC+ET); ver inventario operacional,True,True,,"['15', '14', '1831', '12']",1
1,31,RESIDUOS PELIGROSOS,RETIROS RESPEL  (SBH),DESPACHO,5,262,114,DISPOSICION CERTIFICADO ( RESPEL),DISPOSICION CERTIFICADO ( RESPEL),OP / Operador; REC / Recepcionista; RP / Reportes,ETAPA_LOG (CI+SC+ET); ver inventario operacional,True,True,,"['28', '1296', '1849']",1
1,31,RESIDUOS PELIGROSOS,RETIROS RESPEL  (SBH),DESPACHO,6,263,115,EMISION GUIA Y AUT SALIDA( RESPEL),EMISION GUIA Y AUT SALIDA( RESPEL,AD / Administrador del Sistema; ADCON / Administrador de Conductor; ADET / Administrador de Etapa; ADSEC / Administrador de Secuencia; CLI / Cliente; CON / Conductor; OP / Operador; PF / Proforma; PLAN / Planificador; PRO / Proveedor; REC / Recepcionista; RP / Reportes; nav / nav,ETAPA_LOG (CI+SC+ET); ver inventario operacional,True,True,,"['8', '5', '32', '30', '4', '1864']",1
1,31,RESIDUOS PELIGROSOS,RETIROS RESPEL  (SBH),DESPACHO,7,264,116,SECUENCIA TERMINADA ( RESPEL),SECUENCIA TERMINADA ( RESPEL),ADET / Administrador de Etapa; ADSEC / Administrador de Secuencia; OP / Operador; PLAN / Planificador; REC / Recepcionista,ETAPA_LOG (CI+SC+ET); ver inventario operacional,True,True,,"['38', '41', '49', '40', '46', '47', '48', '51', '50', '39', '52', '16']",1
1,39,RESIDUOS INDUSTRIALES,RETIROS RESIND ( SBH ),DESPACHO,1,265,117,PROGRAMADO EN PATIO (RESIND),PROGRAMADO EN PATIO (RESIND),OP / Operador; PF / Proforma; PLAN / Planificador; REC / Recepcionista,ETAPA_LOG (CI+SC+ET); ver inventario operacional,True,True,,"['1832', '25', '28', '1282']",1
1,39,RESIDUOS INDUSTRIALES,RETIROS RESIND ( SBH ),DESPACHO,2,266,118,PESAJE CAMION VACIO (RESIND),PESAJE CAMION VACIO (RESIND),OP / Operador; REC / Recepcionista,ETAPA_LOG (CI+SC+ET); ver inventario operacional,True,True,,"['15', '14', '1831', '12']",1
1,39,RESIDUOS INDUSTRIALES,RETIROS RESIND ( SBH ),DESPACHO,3,267,119,CAMION EN CARGA ( RESIND ),CAMION EN CARGA ( RESIND ),OP / Operador; PF / Proforma; PLAN / Planificador; REC / Recepcionista,ETAPA_LOG (CI+SC+ET); ver inventario operacional,True,True,,"['1832', '25', '28', '1282']",1
1,39,RESIDUOS INDUSTRIALES,RETIROS RESIND ( SBH ),DESPACHO,4,268,120,PESAJE CARGADO ( RESIND),PESAJE CARGADO ( RESIND),OP / Operador; REC / Recepcionista,ETAPA_LOG (CI+SC+ET); ver inventario operacional,True,True,,"['15', '14', '1831', '12']",1
1,39,RESIDUOS INDUSTRIALES,RETIROS RESIND ( SBH ),DESPACHO,5,269,121,EMISION GUIA Y AUT SALIDA ( RESIND),EMISION GUIA Y AUT SALIDA ( RESIND),AD / Administrador del Sistema; ADCON / Administrador de Conductor; ADET / Administrador de Etapa; ADSEC / Administrador de Secuencia; CLI / Cliente; CON / Conductor; OP / Operador; PF / Proforma; PLAN / Planificador; PRO / Proveedor; REC / Recepcionista; RP / Reportes; nav / nav,ETAPA_LOG (CI+SC+ET); ver inventario operacional,True,True,,"['8', '5', '32', '30', '4']",1
1,39,RESIDUOS INDUSTRIALES,RETIROS RESIND ( SBH ),DESPACHO,6,270,122,SECUENCIA TERMINADA ( RESIND),SECUENCIA TERMINADA ( RESIND),ADET / Administrador de Etapa; ADSEC / Administrador de Secuencia; OP / Operador; PLAN / Planificador; REC / Recepcionista,ETAPA_LOG (CI+SC+ET); ver inventario operacional,True,True,,"['38', '41', '49', '40', '46', '47', '48', '51', '50', '39', '16']",1
1,40,RECEPCION DE ACEITES V-2,RECEPCION DE ACEITES V-2,RECEPCION,1,271,123,PROGRAMADO EN PATIO RACV2,PROGRAMADO EN PATIO RACV2,ADCON / Administrador de Conductor; ADET / Administrador de Etapa; ADSEC / Administrador de Secuencia; CLI / Cliente; CON / Conductor; OP / Operador; PF / Proforma; PLAN / Planificador; PRO / Proveedor; REC / Recepcionista; RP / Reportes; nav / nav,ETAPA_LOG (CI+SC+ET); ver inventario operacional,False,True,,"['27', '6', '29', '1857', '7']",1
1,40,RECEPCION DE ACEITES V-2,RECEPCION DE ACEITES V-2,RECEPCION,2,272,124,DESTINO INGRESO A PLANTA RACV2,DESTINO INGRESO A PLANTA RACV2,PLAN / Planificador; PRO / Proveedor,ETAPA_LOG (CI+SC+ET); ver inventario operacional,False,True,,"['1832', '111']",1
1,40,RECEPCION DE ACEITES V-2,RECEPCION DE ACEITES V-2,RECEPCION,3,273,125,INGRESO A DESCARGA RACV2,INGRESO A DESCARGA RACV2,ADCON / Administrador de Conductor; ADET / Administrador de Etapa; ADSEC / Administrador de Secuencia; CLI / Cliente; CON / Conductor; OP / Operador; PF / Proforma; PLAN / Planificador; PRO / Proveedor; REC / Recepcionista; RP / Reportes; nav / nav,ETAPA_LOG (CI+SC+ET); ver inventario operacional,False,True,,"['6', '27', '29', '7']",1
1,40,RECEPCION DE ACEITES V-2,RECEPCION DE ACEITES V-2,RECEPCION,4,274,126,PESAJE FULL RACV2,PESAJE FULL RACV2,OP / Operador; REC / Recepcionista,ETAPA_LOG (CI+SC+ET); ver inventario operacional,False,True,,"['15', '14', '12', '1831']",1
1,40,RECEPCION DE ACEITES V-2,RECEPCION DE ACEITES V-2,RECEPCION,5,275,127,EN DESCARGA RACV2,EN DESCARGA RACV2,PLAN / Planificador; PRO / Proveedor,ETAPA_LOG (CI+SC+ET); ver inventario operacional,False,True,,"['1832', '111']",1
1,40,RECEPCION DE ACEITES V-2,RECEPCION DE ACEITES V-2,RECEPCION,6,276,128,PESAJE VACIO RACV2,PESAJE VACIO RACV2,OP / Operador; REC / Recepcionista,ETAPA_LOG (CI+SC+ET); ver inventario operacional,False,True,,"['15', '14', '12', '1831']",1
1,40,RECEPCION DE ACEITES V-2,RECEPCION DE ACEITES V-2,RECEPCION,7,277,129,SECUENCIA TERMINADA RACV2,SECUENCIA TERMINADA RACV2,ADCON / Administrador de Conductor; ADET / Administrador de Etapa; ADSEC / Administrador de Secuencia; CLI / Cliente; CON / Conductor; OP / Operador; PF / Proforma; PLAN / Planificador; PRO / Proveedor; REC / Recepcionista; RP / Reportes; nav / nav,ETAPA_LOG (CI+SC+ET); ver inventario operacional,False,True,,"['6', '27', '29', '7']",1
1,41,HARINAS,TRASLADOS ENTRE BODEGAS,DESPACHO,1,278,130,INGRESO PORTERIA (TR. INT. HAR),INGRESO PORTERIA (TR. INT. HAR),ADET / Administrador de Etapa; ADSEC / Administrador de Secuencia; OP / Operador; PF / Proforma; PLAN / Planificador; REC / Recepcionista; nav / nav,ETAPA_LOG (CI+SC+ET); ver inventario operacional,True,True,,"['11', '10', '33', '26', '35', '36', '9']",1
1,41,HARINAS,TRASLADOS ENTRE BODEGAS,DESPACHO,2,279,131,CARGUIO EN BODEGA (TR. INT. HA),CARGUIO EN BODEGA (TR. INT. HA),ADET / Administrador de Etapa; ADSEC / Administrador de Secuencia; OP / Operador; PF / Proforma; PLAN / Planificador; REC / Recepcionista; nav / nav,ETAPA_LOG (CI+SC+ET); ver inventario operacional,True,True,,"['11', '10', '33', '26', '35', '36', '9']",1
1,41,HARINAS,TRASLADOS ENTRE BODEGAS,DESPACHO,3,280,132,SALIDA PORTERIA (TR. INT. HA),SALIDA PORTERIA (TR. INT. HA),ADET / Administrador de Etapa; ADSEC / Administrador de Secuencia; OP / Operador; PF / Proforma; PLAN / Planificador; REC / Recepcionista; nav / nav,ETAPA_LOG (CI+SC+ET); ver inventario operacional,True,True,,"['11', '10', '33', '26', '35', '36', '9']",1
1,41,HARINAS,TRASLADOS ENTRE BODEGAS,DESPACHO,4,281,133,RECEPCION BODEGA TERMINADA ( TR. INT.HA),RECEPCION BODEGA TERMINADA ( TR. INT.HA),ADET / Administrador de Etapa; ADSEC / Administrador de Secuencia; OP / Operador; PF / Proforma; PLAN / Planificador; REC / Recepcionista; nav / nav,ETAPA_LOG (CI+SC+ET); ver inventario operacional,True,True,,"['11', '10', '33', '26', '35', '36', '9']",1
1,41,HARINAS,TRASLADOS ENTRE BODEGAS,DESPACHO,5,302,141,ANULACION DE OPERACION,ANULACION DE OPERACION,AD / Administrador del Sistema; ADET / Administrador de Etapa; ADSEC / Administrador de Secuencia; CLI / Cliente; CON / Conductor; OP / Operador; PF / Proforma; PLAN / Planificador; PRO / Proveedor; REC / Recepcionista; RP / Reportes; nav / nav,ETAPA_LOG (CI+SC+ET); ver inventario operacional,True,True,,['1'],1
1,42,ACEITES,TRASVASIJES A PROSESA,RECEPCION,1,282,134,INGRESO PORTERIA ( TR PROS),INGRESO PORTERIA ( TR PROS),ADCON / Administrador de Conductor; ADET / Administrador de Etapa; ADSEC / Administrador de Secuencia; CLI / Cliente; CON / Conductor; OP / Operador; PF / Proforma; PLAN / Planificador; PRO / Proveedor; REC / Recepcionista; RP / Reportes; nav / nav,ETAPA_LOG (CI+SC+ET); ver inventario operacional,True,True,,"['6', '27', '29', '7']",1
1,42,ACEITES,TRASVASIJES A PROSESA,RECEPCION,2,287,139,PESAJE VACIO INICIAL ( TR PROS),PESAJE VACIO INICIAL ( TR PROS),OP / Operador; REC / Recepcionista,ETAPA_LOG (CI+SC+ET); ver inventario operacional,True,True,,"['15', '14', '12', '1831']",1
1,42,ACEITES,TRASVASIJES A PROSESA,RECEPCION,3,283,135,CARGUIO - TRASVASIJE ( TR PROS),CARGUIO - TRASVASIJE ( TR PROS),OP / Operador; PF / Proforma; PLAN / Planificador; REC / Recepcionista,ETAPA_LOG (CI+SC+ET); ver inventario operacional,True,True,,"['1832', '25']",1
1,42,ACEITES,TRASVASIJES A PROSESA,RECEPCION,4,284,136,PESAJE FULL ( TR PROS),PESAJE FULL ( TR PROS),OP / Operador; REC / Recepcionista,ETAPA_LOG (CI+SC+ET); ver inventario operacional,True,True,,"['15', '14', '12', '1831']",1
1,42,ACEITES,TRASVASIJES A PROSESA,RECEPCION,5,285,137,EMISION DE GUIA (TR PROS),EMISION DE GUIA (TR PROS),ADCON / Administrador de Conductor; ADET / Administrador de Etapa; ADSEC / Administrador de Secuencia; CLI / Cliente; CON / Conductor; OP / Operador; PF / Proforma; PLAN / Planificador; PRO / Proveedor; REC / Recepcionista; RP / Reportes; nav / nav,ETAPA_LOG (CI+SC+ET); ver inventario operacional,True,True,,"['6', '27', '29', '7']",1
1,42,ACEITES,TRASVASIJES A PROSESA,RECEPCION,6,286,138,AUTORIZACION SALIDA DE PLANTA  ( TR PROS),AUTORIZACION SALIDA DE PLANTA  ( TR PROS),ADET / Administrador de Etapa; OP / Operador; PLAN / Planificador; REC / Recepcionista,ETAPA_LOG (CI+SC+ET); ver inventario operacional,True,True,,"['41', '46', '48', '47', '38', '52', '51', '50', '49', '1306']",1
1,42,ACEITES,TRASVASIJES A PROSESA,RECEPCION,7,365,196,PESAJE VERIFICACION FINAL ( TR PROS),PESAJE VERIFICACION FINAL ( TR PROS),OP / Operador; REC / Recepcionista,ETAPA_LOG (CI+SC+ET); ver inventario operacional,True,True,,"['15', '14', '12', '1831']",1
1,42,ACEITES,TRASVASIJES A PROSESA,RECEPCION,8,288,140,SECUENCIA TERMINADA ( TR PROS),SECUENCIA TERMINADA ( TR PROS),ADCON / Administrador de Conductor; ADET / Administrador de Etapa; ADSEC / Administrador de Secuencia; CLI / Cliente; CON / Conductor; OP / Operador; PF / Proforma; PLAN / Planificador; PRO / Proveedor; REC / Recepcionista; RP / Reportes; nav / nav,ETAPA_LOG (CI+SC+ET); ver inventario operacional,True,True,,"['6', '27', '29', '7']",1
1,43,RECEPCION DE ACEITES V-3,RECEPCION DE ACEITES V-3,RECEPCION,1,295,123,PROGRAMADO EN PATIO RACV2,PROGRAMADO EN PATIO RACV2,ADCON / Administrador de Conductor; ADET / Administrador de Etapa; ADSEC / Administrador de Secuencia; CLI / Cliente; CON / Conductor; OP / Operador; PF / Proforma; PLAN / Planificador; PRO / Proveedor; REC / Recepcionista; RP / Reportes; nav / nav,ETAPA_LOG (CI+SC+ET); ver inventario operacional,True,True,,"['27', '6', '29', '1857', '7']",1
1,43,RECEPCION DE ACEITES V-3,RECEPCION DE ACEITES V-3,RECEPCION,2,299,126,PESAJE FULL RACV2,PESAJE FULL RACV2,OP / Operador; REC / Recepcionista,ETAPA_LOG (CI+SC+ET); ver inventario operacional,True,True,,"['15', '14', '1831', '12']",1
1,43,RECEPCION DE ACEITES V-3,RECEPCION DE ACEITES V-3,RECEPCION,3,297,127,EN DESCARGA RACV2,EN DESCARGA RACV2,PLAN / Planificador; PRO / Proveedor,ETAPA_LOG (CI+SC+ET); ver inventario operacional,True,True,,"['1832', '111']",1
1,43,RECEPCION DE ACEITES V-3,RECEPCION DE ACEITES V-3,RECEPCION,4,300,128,PESAJE VACIO RACV2,PESAJE VACIO RACV2,OP / Operador; REC / Recepcionista,ETAPA_LOG (CI+SC+ET); ver inventario operacional,True,True,,"['15', '14', '1831', '12']",1
1,43,RECEPCION DE ACEITES V-3,RECEPCION DE ACEITES V-3,RECEPCION,5,301,129,SECUENCIA TERMINADA RACV2,SECUENCIA TERMINADA RACV2,ADCON / Administrador de Conductor; ADET / Administrador de Etapa; ADSEC / Administrador de Secuencia; CLI / Cliente; CON / Conductor; OP / Operador; PF / Proforma; PLAN / Planificador; PRO / Proveedor; REC / Recepcionista; RP / Reportes; nav / nav,ETAPA_LOG (CI+SC+ET); ver inventario operacional,True,True,,"['6', '27', '29', '7']",1
1,43,RECEPCION DE ACEITES V-3,RECEPCION DE ACEITES V-3,RECEPCION,6,360,191,ANULACION DE OPERACION RACV3,ANULACION DE OPERACION RACV3,AD / Administrador del Sistema; ADET / Administrador de Etapa; ADSEC / Administrador de Secuencia; CLI / Cliente; CON / Conductor; OP / Operador; PF / Proforma; PLAN / Planificador; PRO / Proveedor; REC / Recepcionista; RP / Reportes; nav / nav,ETAPA_LOG (CI+SC+ET); ver inventario operacional,True,True,,['1'],1
1,44,ACEITES A PISO V_2,ACEITES A PISO V_2,RECEPCION,1,304,89,PROGRAMADO EN PATIO ( REC AC ),PROGRAMADO EN PATIO ( REC AC ),ADCON / Administrador de Conductor; ADET / Administrador de Etapa; ADSEC / Administrador de Secuencia; CLI / Cliente; CON / Conductor; OP / Operador; PF / Proforma; PLAN / Planificador; PRO / Proveedor; REC / Recepcionista; RP / Reportes; nav / nav,ETAPA_LOG (CI+SC+ET); ver inventario operacional,True,True,,"['6', '7', '29', '31', '27']",1
1,44,ACEITES A PISO V_2,ACEITES A PISO V_2,RECEPCION,2,308,38,PESAJE FULL REC AC,PESAJE FULL REC AC,OP / Operador; REC / Recepcionista,ETAPA_LOG (CI+SC+ET); ver inventario operacional,True,True,,"['15', '14', '1831', '12']",1
1,44,ACEITES A PISO V_2,ACEITES A PISO V_2,RECEPCION,3,303,77,EN DESCARGA REC AC,EN DESCARGA REC AC,OP / Operador; PLAN / Planificador; PRO / Proveedor; REC / Recepcionista,ETAPA_LOG (CI+SC+ET); ver inventario operacional,True,True,,"['1832', '28', '111', '1282']",1
1,44,ACEITES A PISO V_2,ACEITES A PISO V_2,RECEPCION,4,306,39,PESAJE VACIO REC AC,PESAJE VACIO REC AC,OP / Operador; REC / Recepcionista,ETAPA_LOG (CI+SC+ET); ver inventario operacional,True,True,,"['37', '15', '14', '1831', '12']",1
1,44,ACEITES A PISO V_2,ACEITES A PISO V_2,RECEPCION,5,307,91,SECUENCIA TERMINADA,SECUENCIA TERMINADA,ADCON / Administrador de Conductor; ADET / Administrador de Etapa; ADSEC / Administrador de Secuencia; CLI / Cliente; CON / Conductor; OP / Operador; PF / Proforma; PLAN / Planificador; PRO / Proveedor; REC / Recepcionista; RP / Reportes; nav / nav,ETAPA_LOG (CI+SC+ET); ver inventario operacional,True,True,,"['6', '7', '29', '31', '27']",1
1,44,ACEITES A PISO V_2,ACEITES A PISO V_2,RECEPCION,6,364,195,ANULACION DE OPERACION R AC PISO,ANULACION DE OPERACION R AC PISO,AD / Administrador del Sistema; ADET / Administrador de Etapa; ADSEC / Administrador de Secuencia; CLI / Cliente; CON / Conductor; OP / Operador; PF / Proforma; PLAN / Planificador; PRO / Proveedor; REC / Recepcionista; RP / Reportes; nav / nav,ETAPA_LOG (CI+SC+ET); ver inventario operacional,True,True,,['1'],1
1,45,ACEITES A PISO V_3,ACEITES A PISO V_3,RECEPCION,1,309,142,CAMION PROGRAMADO ( REC AC P),CAMION PROGRAMADO ( REC AC P),ADCON / Administrador de Conductor; ADET / Administrador de Etapa; ADSEC / Administrador de Secuencia; CLI / Cliente; CON / Conductor; OP / Operador; PF / Proforma; PLAN / Planificador; PRO / Proveedor; REC / Recepcionista; RP / Reportes; nav / nav,ETAPA_LOG (CI+SC+ET); ver inventario operacional,False,True,,"['6', '27', '52', '29', '49', '7']",1
1,45,ACEITES A PISO V_3,ACEITES A PISO V_3,RECEPCION,2,310,143,CAMION EN PATIO ( REC AC P),CAMION EN PATIO ( REC AC P),ADCON / Administrador de Conductor; ADET / Administrador de Etapa; ADSEC / Administrador de Secuencia; CLI / Cliente; CON / Conductor; OP / Operador; PF / Proforma; PLAN / Planificador; PRO / Proveedor; REC / Recepcionista; RP / Reportes; nav / nav,ETAPA_LOG (CI+SC+ET); ver inventario operacional,False,True,,"['6', '27', '29', '7']",1
1,45,ACEITES A PISO V_3,ACEITES A PISO V_3,RECEPCION,3,311,144,PESAJE FULL ( REC AC P),PESAJE FULL ( REC AC P),OP / Operador; PLAN / Planificador; REC / Recepcionista,ETAPA_LOG (CI+SC+ET); ver inventario operacional,False,True,,"['17', '15', '14', '1831', '12']",1
1,45,ACEITES A PISO V_3,ACEITES A PISO V_3,RECEPCION,4,312,145,EN DESCARGA ( REC AC P),EN DESCARGA ( REC AC P),AD / Administrador del Sistema; ADET / Administrador de Etapa; ADSEC / Administrador de Secuencia; CLI / Cliente; CON / Conductor; OP / Operador; PF / Proforma; PLAN / Planificador; PRO / Proveedor; REC / Recepcionista; RP / Reportes; nav / nav,ETAPA_LOG (CI+SC+ET); ver inventario operacional,False,True,,"['1832', '25', '28', '45', '1', '1282']",1
1,45,ACEITES A PISO V_3,ACEITES A PISO V_3,RECEPCION,5,313,146,PESAJE VACIO ( REC AC P),PESAJE VACIO ( REC AC P),OP / Operador; PLAN / Planificador; REC / Recepcionista,ETAPA_LOG (CI+SC+ET); ver inventario operacional,False,True,,"['17', '15', '14', '1831', '12']",1
1,45,ACEITES A PISO V_3,ACEITES A PISO V_3,RECEPCION,6,314,91,SECUENCIA TERMINADA,SECUENCIA TERMINADA,ADCON / Administrador de Conductor; ADET / Administrador de Etapa; ADSEC / Administrador de Secuencia; CLI / Cliente; CON / Conductor; OP / Operador; PF / Proforma; PLAN / Planificador; PRO / Proveedor; REC / Recepcionista; RP / Reportes; nav / nav,ETAPA_LOG (CI+SC+ET); ver inventario operacional,False,True,,"['6', '27', '29', '7']",1
1,46,RECEPCION DE ACEITES V-4,RECEPCION DE ACEITES V-4,RECEPCION,1,315,147,CAMION PROGRAMADO ( REC AC V-4),CAMION PROGRAMADO ( REC AC V-4),ADCON / Administrador de Conductor; ADET / Administrador de Etapa; ADSEC / Administrador de Secuencia; CLI / Cliente; CON / Conductor; OP / Operador; PF / Proforma; PLAN / Planificador; PRO / Proveedor; REC / Recepcionista; RP / Reportes; nav / nav,ETAPA_LOG (CI+SC+ET); ver inventario operacional,False,True,,"['27', '6', '52', '49', '29', '1857', '7']",1
1,46,RECEPCION DE ACEITES V-4,RECEPCION DE ACEITES V-4,RECEPCION,2,316,148,CAMION EN PATIO ( REC AC V-4),CAMION EN PATIO ( REC AC V-4),ADCON / Administrador de Conductor; ADET / Administrador de Etapa; ADSEC / Administrador de Secuencia; CLI / Cliente; CON / Conductor; OP / Operador; PF / Proforma; PLAN / Planificador; PRO / Proveedor; REC / Recepcionista; RP / Reportes; nav / nav,ETAPA_LOG (CI+SC+ET); ver inventario operacional,False,True,,"['6', '27', '29', '7']",1
1,46,RECEPCION DE ACEITES V-4,RECEPCION DE ACEITES V-4,RECEPCION,3,317,149,PESAJE FULL ( REC AC V-4),PESAJE FULL ( REC AC V-4),OP / Operador; PLAN / Planificador; REC / Recepcionista,ETAPA_LOG (CI+SC+ET); ver inventario operacional,False,True,,"['17', '15', '14', '1831', '12']",1
1,46,RECEPCION DE ACEITES V-4,RECEPCION DE ACEITES V-4,RECEPCION,4,318,150,EN DESCARGA ( REC AC V-4),EN DESCARGA ( REC AC V-4),AD / Administrador del Sistema; ADET / Administrador de Etapa; ADSEC / Administrador de Secuencia; CLI / Cliente; CON / Conductor; OP / Operador; PF / Proforma; PLAN / Planificador; PRO / Proveedor; REC / Recepcionista; RP / Reportes; nav / nav,ETAPA_LOG (CI+SC+ET); ver inventario operacional,False,True,,"['1832', '25', '28', '45', '1', '1282']",1
1,46,RECEPCION DE ACEITES V-4,RECEPCION DE ACEITES V-4,RECEPCION,5,319,151,PESAJE VACIO ( REC AC V-4),PESAJE VACIO ( REC AC V-4),OP / Operador; PLAN / Planificador; REC / Recepcionista,ETAPA_LOG (CI+SC+ET); ver inventario operacional,False,True,,"['17', '15', '14', '1831', '12']",1
1,46,RECEPCION DE ACEITES V-4,RECEPCION DE ACEITES V-4,RECEPCION,6,320,152,SECUENCIA TERMINADA (REC AC V-4),SECUENCIA TERMINADA (REC AC V-4),ADCON / Administrador de Conductor; ADET / Administrador de Etapa; ADSEC / Administrador de Secuencia; CLI / Cliente; CON / Conductor; OP / Operador; PF / Proforma; PLAN / Planificador; PRO / Proveedor; REC / Recepcionista; RP / Reportes; nav / nav,ETAPA_LOG (CI+SC+ET); ver inventario operacional,False,True,,"['6', '27', '29', '7']",1
1,47,ACEITES,RECEPCION ESTANQUES ( ALMACENAJE),RECEPCION,1,321,153,CAMION PROGRAMADO (RECP / EST ),CAMION PROGRAMADO (RECP / EST ),OP / Operador; PLAN / Planificador; REC / Recepcionista,ETAPA_LOG (CI+SC+ET); ver inventario operacional,True,True,,"['1832', '28']",1
1,47,ACEITES,RECEPCION ESTANQUES ( ALMACENAJE),RECEPCION,2,322,154,PESAJE CON ESTANQUE ( RECP / EST ),PESAJE CON ESTANQUE ( RECP / EST ),OP / Operador; REC / Recepcionista,ETAPA_LOG (CI+SC+ET); ver inventario operacional,True,True,,"['15', '14', '1831', '12']",1
1,47,ACEITES,RECEPCION ESTANQUES ( ALMACENAJE),RECEPCION,3,323,155,EN DESCARGA ( RECP / EST ),EN DESCARGA ( RECP / EST ),OP / Operador; PLAN / Planificador; REC / Recepcionista,ETAPA_LOG (CI+SC+ET); ver inventario operacional,True,True,,"['1832', '28']",1
1,47,ACEITES,RECEPCION ESTANQUES ( ALMACENAJE),RECEPCION,4,324,156,PESAJE TRACTO (RECP / EST ),PESAJE TRACTO (RECP / EST ),OP / Operador; REC / Recepcionista,ETAPA_LOG (CI+SC+ET); ver inventario operacional,True,True,,"['15', '14', '1831', '12']",1
1,47,ACEITES,RECEPCION ESTANQUES ( ALMACENAJE),RECEPCION,5,325,157,SECUENCIA TERMINADA ( RECP / EST ),SECUENCIA TERMINADA ( RECP / EST ),ADET / Administrador de Etapa; OP / Operador; REC / Recepcionista,ETAPA_LOG (CI+SC+ET); ver inventario operacional,True,True,,"['46', '41', '52', '49']",1
1,48,ACEITES,DEVOLUCION ESTANQUES ( ALMACENAJE),DESPACHO,1,326,158,CAMION PROGRAMADO ( DEV / EST ),CAMION PROGRAMADO ( DEV / EST ),OP / Operador; PLAN / Planificador; REC / Recepcionista,ETAPA_LOG (CI+SC+ET); ver inventario operacional,True,True,,"['1832', '28']",1
1,48,ACEITES,DEVOLUCION ESTANQUES ( ALMACENAJE),DESPACHO,2,327,159,PESAJE TRACTO ( DEV / EST ),PESAJE TRACTO ( DEV / EST ),OP / Operador; REC / Recepcionista,ETAPA_LOG (CI+SC+ET); ver inventario operacional,True,True,,"['15', '14', '1831', '12']",1
1,48,ACEITES,DEVOLUCION ESTANQUES ( ALMACENAJE),DESPACHO,3,328,160,EN CARGA ( DEV / EST ),EN CARGA ( DEV / EST ),OP / Operador; PLAN / Planificador; REC / Recepcionista,ETAPA_LOG (CI+SC+ET); ver inventario operacional,True,True,,"['1832', '28']",1
1,48,ACEITES,DEVOLUCION ESTANQUES ( ALMACENAJE),DESPACHO,4,330,162,PESAJE CON ESTANQUE ( DEV / EST ),PESAJE CON ESTANQUE ( DEV / EST ),OP / Operador; REC / Recepcionista,ETAPA_LOG (CI+SC+ET); ver inventario operacional,True,True,,"['15', '14', '1831', '12']",1
1,48,ACEITES,DEVOLUCION ESTANQUES ( ALMACENAJE),DESPACHO,5,329,161,EMISION GUIA ( DEV / EST ),EMISION GUIA ( DEV / EST ),AD / Administrador del Sistema; ADCON / Administrador de Conductor; ADET / Administrador de Etapa; ADSEC / Administrador de Secuencia; CLI / Cliente; CON / Conductor; OP / Operador; PF / Proforma; PLAN / Planificador; PRO / Proveedor; REC / Recepcionista; RP / Reportes; nav / nav,ETAPA_LOG (CI+SC+ET); ver inventario operacional,True,True,,"['8', '5', '30', '32', '4']",1
1,48,ACEITES,DEVOLUCION ESTANQUES ( ALMACENAJE),DESPACHO,6,331,163,SECUENCIA TERMINADA ( DEV / EST ),SECUENCIA TERMINADA ( DEV / EST ),ADET / Administrador de Etapa; OP / Operador; REC / Recepcionista,ETAPA_LOG (CI+SC+ET); ver inventario operacional,True,True,,"['46', '41', '52', '49']",1
1,49,HARINAS,RECEPCION DE HARINAS T3,RECEPCION,1,332,164,PROGRAMADO EN PATIO (REC HA T3),PROGRAMADO EN PATIO (REC HA T3),ADCON / Administrador de Conductor; ADET / Administrador de Etapa; ADSEC / Administrador de Secuencia; CLI / Cliente; CON / Conductor; OP / Operador; PF / Proforma; PLAN / Planificador; PRO / Proveedor; REC / Recepcionista; RP / Reportes; nav / nav,ETAPA_LOG (CI+SC+ET); ver inventario operacional,True,True,,"['27', '6', '11', '35', '33', '36', '10', '9', '29', '26', '1857', '7']",1
1,49,HARINAS,RECEPCION DE HARINAS T3,RECEPCION,2,333,165,EN PESAJE FULL RHT3,EN PESAJE FULL RHT3,OP / Operador; REC / Recepcionista,ETAPA_LOG (CI+SC+ET); ver inventario operacional,True,True,,"['15', '14', '1831', '12']",1
1,49,HARINAS,RECEPCION DE HARINAS T3,RECEPCION,3,334,166,EN DESCARGA RHT3,EN DESCARGA RHT3,ADET / Administrador de Etapa; ADSEC / Administrador de Secuencia; OP / Operador; PF / Proforma; PLAN / Planificador; REC / Recepcionista; nav / nav,ETAPA_LOG (CI+SC+ET); ver inventario operacional,True,True,,"['11', '36', '10', '35', '9', '33', '26']",1
1,49,HARINAS,RECEPCION DE HARINAS T3,RECEPCION,4,359,189,EN TRANSITO CIERRE PESAJE RH T3,EN TRANSITO CIERRE PESAJE RH T3,ADET / Administrador de Etapa; OP / Operador; REC / Recepcionista,ETAPA_LOG (CI+SC+ET); ver inventario operacional,True,True,,"['41', '46', '52', '49']",1
1,49,HARINAS,RECEPCION DE HARINAS T3,RECEPCION,5,335,167,EN PESAJE VACIO RHT3,EN PESAJE VACIO RHT3,OP / Operador; REC / Recepcionista,ETAPA_LOG (CI+SC+ET); ver inventario operacional,True,True,,"['15', '14', '1831', '12']",1
1,49,HARINAS,RECEPCION DE HARINAS T3,RECEPCION,6,336,168,SECUENCIA TERMINADA RHT3,SECUENCIA TERMINADA RHT3,ADCON / Administrador de Conductor; ADET / Administrador de Etapa; ADSEC / Administrador de Secuencia; CLI / Cliente; CON / Conductor; OP / Operador; PF / Proforma; PLAN / Planificador; PRO / Proveedor; REC / Recepcionista; RP / Reportes; nav / nav,ETAPA_LOG (CI+SC+ET); ver inventario operacional,True,True,,"['6', '27', '29', '7']",1
1,49,HARINAS,RECEPCION DE HARINAS T3,RECEPCION,7,361,192,ANULACION DE OPERACION RH T3,ANULACION DE OPERACION RH T3,AD / Administrador del Sistema; ADET / Administrador de Etapa; ADSEC / Administrador de Secuencia; CLI / Cliente; CON / Conductor; OP / Operador; PF / Proforma; PLAN / Planificador; PRO / Proveedor; REC / Recepcionista; RP / Reportes; nav / nav,ETAPA_LOG (CI+SC+ET); ver inventario operacional,True,True,,['1'],1
1,50,DESPACHO,DESPACHO HARINAS DESDE T 3,DESPACHO,1,337,169,PROGRAMADO EN PATIO DH T3,PROGRAMADO EN PATIO DH T3,ADET / Administrador de Etapa; OP / Operador; REC / Recepcionista,ETAPA_LOG (CI+SC+ET); ver inventario operacional,True,True,,"['46', '41', '40', '52', '49', '1857']",1
1,50,DESPACHO,DESPACHO HARINAS DESDE T 3,DESPACHO,2,349,182,EN PESAJE VACIO DH T3,EN PESAJE VACIO DH T3,OP / Operador; REC / Recepcionista,ETAPA_LOG (CI+SC+ET); ver inventario operacional,True,True,,"['15', '14', '12', '1831']",1
1,50,DESPACHO,DESPACHO HARINAS DESDE T 3,DESPACHO,3,339,171,CAMION EN REVISION DH T3,CAMION EN REVISION DH T3,ADET / Administrador de Etapa; ADSEC / Administrador de Secuencia; OP / Operador; PF / Proforma; PLAN / Planificador; REC / Recepcionista; nav / nav,ETAPA_LOG (CI+SC+ET); ver inventario operacional,True,True,,"['11', '36', '10', '35', '9', '33', '26']",1
1,50,DESPACHO,DESPACHO HARINAS DESDE T 3,DESPACHO,4,340,172,PESAJE CARGADO DH T3,PESAJE CARGADO DH T3,OP / Operador; REC / Recepcionista,ETAPA_LOG (CI+SC+ET); ver inventario operacional,True,True,,"['15', '14', '12', '1831']",1
1,50,DESPACHO,DESPACHO HARINAS DESDE T 3,DESPACHO,5,341,173,ENCARPE Y EMISION DE GUIA DH T3,ENCARPE Y EMISION DE GUIA DH T3,AD / Administrador del Sistema; ADCON / Administrador de Conductor; ADET / Administrador de Etapa; ADSEC / Administrador de Secuencia; CLI / Cliente; CON / Conductor; OP / Operador; PF / Proforma; PLAN / Planificador; PRO / Proveedor; REC / Recepcionista; RP / Reportes; nav / nav,ETAPA_LOG (CI+SC+ET); ver inventario operacional,True,True,,"['5', '8', '32', '30', '4', '1851', '1864', '1837', '1866']",1
1,50,DESPACHO,DESPACHO HARINAS DESDE T 3,DESPACHO,6,342,174,SECUENCIA TERMINADA DH T3,SECUENCIA TERMINADA DH T3,ADET / Administrador de Etapa; OP / Operador; REC / Recepcionista,ETAPA_LOG (CI+SC+ET); ver inventario operacional,True,True,,"['41', '40', '46', '52', '49']",1
1,50,DESPACHO,DESPACHO HARINAS DESDE T 3,DESPACHO,7,343,175,ANULACION DE OPERACION DH T3,ANULACION DE OPERACION DH T3,AD / Administrador del Sistema; ADET / Administrador de Etapa; ADSEC / Administrador de Secuencia; CLI / Cliente; CON / Conductor; OP / Operador; PF / Proforma; PLAN / Planificador; PRO / Proveedor; REC / Recepcionista; RP / Reportes; nav / nav,ETAPA_LOG (CI+SC+ET); ver inventario operacional,True,True,,['1'],1
1,51,HARINAS,RECEPCION DE HARINAS T6 V2,RECEPCION,1,344,176,PROGRAMADO EN PATIO (REC HA T6),PROGRAMADO EN PATIO (REC HA T6),ADCON / Administrador de Conductor; ADET / Administrador de Etapa; ADSEC / Administrador de Secuencia; CLI / Cliente; CON / Conductor; OP / Operador; PF / Proforma; PLAN / Planificador; PRO / Proveedor; REC / Recepcionista; RP / Reportes; nav / nav,ETAPA_LOG (CI+SC+ET); ver inventario operacional,True,True,,"['11', '6', '27', '36', '10', '35', '9', '33', '29', '26', '7']",1
1,51,HARINAS,RECEPCION DE HARINAS T6 V2,RECEPCION,2,345,177,EN PESAJE FULL RHT6,EN PESAJE FULL RHT6,OP / Operador; REC / Recepcionista,ETAPA_LOG (CI+SC+ET); ver inventario operacional,True,True,,"['15', '14', '12', '1831']",1
1,51,HARINAS,RECEPCION DE HARINAS T6 V2,RECEPCION,3,346,178,EN DESCARGA RHT6,EN DESCARGA RHT6,ADET / Administrador de Etapa; ADSEC / Administrador de Secuencia; OP / Operador; PF / Proforma; PLAN / Planificador; REC / Recepcionista; nav / nav,ETAPA_LOG (CI+SC+ET); ver inventario operacional,True,True,,"['11', '36', '10', '35', '9', '33', '26']",1
1,51,HARINAS,RECEPCION DE HARINAS T6 V2,RECEPCION,4,358,190,EN TRANSITO CIERRE PESAJE RH T6 V2,EN TRANSITO CIERRE PESAJE RH T6 V2,ADET / Administrador de Etapa; OP / Operador; REC / Recepcionista,ETAPA_LOG (CI+SC+ET); ver inventario operacional,True,True,,"['41', '46', '52', '49']",1
1,51,HARINAS,RECEPCION DE HARINAS T6 V2,RECEPCION,5,347,179,EN PESAJE VACIO RHT6,EN PESAJE VACIO RHT6,OP / Operador; REC / Recepcionista,ETAPA_LOG (CI+SC+ET); ver inventario operacional,True,True,,"['15', '14', '1831', '12']",1
1,51,HARINAS,RECEPCION DE HARINAS T6 V2,RECEPCION,6,348,180,SECUENCIA TERMINADA RHT6,SECUENCIA TERMINADA RHT6,ADCON / Administrador de Conductor; ADET / Administrador de Etapa; ADSEC / Administrador de Secuencia; CLI / Cliente; CON / Conductor; OP / Operador; PF / Proforma; PLAN / Planificador; PRO / Proveedor; REC / Recepcionista; RP / Reportes; nav / nav,ETAPA_LOG (CI+SC+ET); ver inventario operacional,True,True,,"['27', '6', '29', '7']",1
1,51,HARINAS,RECEPCION DE HARINAS T6 V2,RECEPCION,7,363,194,ANULACION DE OPERACION RH T6 V2,ANULACION DE OPERACION RH T6 V2,AD / Administrador del Sistema; ADET / Administrador de Etapa; ADSEC / Administrador de Secuencia; CLI / Cliente; CON / Conductor; OP / Operador; PF / Proforma; PLAN / Planificador; PRO / Proveedor; REC / Recepcionista; RP / Reportes; nav / nav,ETAPA_LOG (CI+SC+ET); ver inventario operacional,True,False,2025-06-16 02:44:51.387867+00:00,['1'],1
1,52,DESPACHO,DESPACHO HARINAS DESDE T 6  V2,DESPACHO,1,350,181,PROGRAMADO EN PATIO DH T6,PROGRAMADO EN PATIO DH T6,ADET / Administrador de Etapa; OP / Operador; REC / Recepcionista,ETAPA_LOG (CI+SC+ET); ver inventario operacional,True,True,,"['46', '41', '40', '52', '49', '1857']",1
1,52,DESPACHO,DESPACHO HARINAS DESDE T 6  V2,DESPACHO,2,351,183,EN PESAJE VACIO DH T6,EN PESAJE VACIO DH T6,OP / Operador; REC / Recepcionista,ETAPA_LOG (CI+SC+ET); ver inventario operacional,True,True,,"['15', '14', '12', '1831']",1
1,52,DESPACHO,DESPACHO HARINAS DESDE T 6  V2,DESPACHO,3,352,184,CAMION EN REVISION DH T6,CAMION EN REVISION DH T6,ADET / Administrador de Etapa; ADSEC / Administrador de Secuencia; OP / Operador; PF / Proforma; PLAN / Planificador; REC / Recepcionista; nav / nav,ETAPA_LOG (CI+SC+ET); ver inventario operacional,True,True,,"['11', '36', '10', '35', '9', '33', '26']",1
1,52,DESPACHO,DESPACHO HARINAS DESDE T 6  V2,DESPACHO,4,353,185,PESAJE CARGADO DH T6,PESAJE CARGADO DH T6,OP / Operador; REC / Recepcionista,ETAPA_LOG (CI+SC+ET); ver inventario operacional,True,True,,"['15', '14', '12', '1831']",1
1,52,DESPACHO,DESPACHO HARINAS DESDE T 6  V2,DESPACHO,5,354,186,ENCARPE Y EMISION DE GUIA DH T6,ENCARPE Y EMISION DE GUIA DH T6,AD / Administrador del Sistema; ADCON / Administrador de Conductor; ADET / Administrador de Etapa; ADSEC / Administrador de Secuencia; CLI / Cliente; CON / Conductor; OP / Operador; PF / Proforma; PLAN / Planificador; PRO / Proveedor; REC / Recepcionista; RP / Reportes; nav / nav,ETAPA_LOG (CI+SC+ET); ver inventario operacional,True,True,,"['5', '8', '32', '30', '4', '1851', '1864', '1837', '1866']",1
1,52,DESPACHO,DESPACHO HARINAS DESDE T 6  V2,DESPACHO,6,357,187,SECUENCIA TERMINADA DH T6,SECUENCIA TERMINADA DH T6,ADET / Administrador de Etapa; OP / Operador; REC / Recepcionista,ETAPA_LOG (CI+SC+ET); ver inventario operacional,True,True,,"['41', '40', '46', '52', '49']",1
1,52,DESPACHO,DESPACHO HARINAS DESDE T 6  V2,DESPACHO,7,356,188,ANULACION DE OPERACION DH T6,ANULACION DE OPERACION DH T6,AD / Administrador del Sistema; ADET / Administrador de Etapa; ADSEC / Administrador de Secuencia; CLI / Cliente; CON / Conductor; OP / Operador; PF / Proforma; PLAN / Planificador; PRO / Proveedor; REC / Recepcionista; RP / Reportes; nav / nav,ETAPA_LOG (CI+SC+ET); ver inventario operacional,True,True,,['1'],1
1,53,DESPACHO HARINAS PRUEBA HOMOLOGACION NO OCUPAR,DESPACHO HARINAS PRUEBA HOMOLOGACION NO OCUPAR,DESPACHO,1,366,197,PROGRAMADO EN PATIO HOMOL,PROGRAMADO EN PATIO HOMOL,AD / Administrador del Sistema; ADET / Administrador de Etapa; ADSEC / Administrador de Secuencia; CLI / Cliente; CON / Conductor; OP / Operador; PF / Proforma; PLAN / Planificador; PRO / Proveedor; REC / Recepcionista; RP / Reportes; nav / nav,ETAPA_LOG (CI+SC+ET); ver inventario operacional,False,True,,['1'],1
1,53,DESPACHO HARINAS PRUEBA HOMOLOGACION NO OCUPAR,DESPACHO HARINAS PRUEBA HOMOLOGACION NO OCUPAR,DESPACHO,2,367,198,PESAJE VACIO HOMOL,PESAJE VACIO HOMOL,AD / Administrador del Sistema; ADET / Administrador de Etapa; ADSEC / Administrador de Secuencia; CLI / Cliente; CON / Conductor; OP / Operador; PF / Proforma; PLAN / Planificador; PRO / Proveedor; REC / Recepcionista; RP / Reportes; nav / nav,ETAPA_LOG (CI+SC+ET); ver inventario operacional,False,True,,['1'],1
1,53,DESPACHO HARINAS PRUEBA HOMOLOGACION NO OCUPAR,DESPACHO HARINAS PRUEBA HOMOLOGACION NO OCUPAR,DESPACHO,3,368,199,CARGUIO Y REVISION T1 HOMOL,CARGUIO Y REVISION T1 HOMOL,AD / Administrador del Sistema; ADET / Administrador de Etapa; ADSEC / Administrador de Secuencia; CLI / Cliente; CON / Conductor; OP / Operador; PF / Proforma; PLAN / Planificador; PRO / Proveedor; REC / Recepcionista; RP / Reportes; nav / nav,ETAPA_LOG (CI+SC+ET); ver inventario operacional,False,True,,['1'],1
1,53,DESPACHO HARINAS PRUEBA HOMOLOGACION NO OCUPAR,DESPACHO HARINAS PRUEBA HOMOLOGACION NO OCUPAR,DESPACHO,4,369,200,CARGUIO Y REVISION  B EXT HOMOL,CARGUIO Y REVISION  B EXT HOMOL,AD / Administrador del Sistema; ADET / Administrador de Etapa; ADSEC / Administrador de Secuencia; CLI / Cliente; CON / Conductor; OP / Operador; PF / Proforma; PLAN / Planificador; PRO / Proveedor; REC / Recepcionista; RP / Reportes; nav / nav,ETAPA_LOG (CI+SC+ET); ver inventario operacional,False,True,,['1'],1
1,53,DESPACHO HARINAS PRUEBA HOMOLOGACION NO OCUPAR,DESPACHO HARINAS PRUEBA HOMOLOGACION NO OCUPAR,DESPACHO,5,370,201,PESAJE CARGADO HOMOL,PESAJE CARGADO HOMOL,AD / Administrador del Sistema; ADET / Administrador de Etapa; ADSEC / Administrador de Secuencia; CLI / Cliente; CON / Conductor; OP / Operador; PF / Proforma; PLAN / Planificador; PRO / Proveedor; REC / Recepcionista; RP / Reportes; nav / nav,ETAPA_LOG (CI+SC+ET); ver inventario operacional,False,True,,['1'],1
1,53,DESPACHO HARINAS PRUEBA HOMOLOGACION NO OCUPAR,DESPACHO HARINAS PRUEBA HOMOLOGACION NO OCUPAR,DESPACHO,6,371,202,ENCARPE Y EMISION DE GUIA HOMOL,ENCARPE Y EMISION DE GUIA HOMOL,AD / Administrador del Sistema; ADET / Administrador de Etapa; ADSEC / Administrador de Secuencia; CLI / Cliente; CON / Conductor; OP / Operador; PF / Proforma; PLAN / Planificador; PRO / Proveedor; REC / Recepcionista; RP / Reportes; nav / nav,ETAPA_LOG (CI+SC+ET); ver inventario operacional,False,True,,['1'],1
1,53,DESPACHO HARINAS PRUEBA HOMOLOGACION NO OCUPAR,DESPACHO HARINAS PRUEBA HOMOLOGACION NO OCUPAR,DESPACHO,7,372,203,SECUENCIA TERMINADA HOMOL,SECUENCIA TERMINADA HOMOL,AD / Administrador del Sistema; ADET / Administrador de Etapa; ADSEC / Administrador de Secuencia; CLI / Cliente; CON / Conductor; OP / Operador; PF / Proforma; PLAN / Planificador; PRO / Proveedor; REC / Recepcionista; RP / Reportes; nav / nav,ETAPA_LOG (CI+SC+ET); ver inventario operacional,False,True,,['1'],1
1,53,DESPACHO HARINAS PRUEBA HOMOLOGACION NO OCUPAR,DESPACHO HARINAS PRUEBA HOMOLOGACION NO OCUPAR,DESPACHO,8,373,141,ANULACION DE OPERACION,ANULACION DE OPERACION,AD / Administrador del Sistema; ADET / Administrador de Etapa; ADSEC / Administrador de Secuencia; CLI / Cliente; CON / Conductor; OP / Operador; PF / Proforma; PLAN / Planificador; PRO / Proveedor; REC / Recepcionista; RP / Reportes; nav / nav,ETAPA_LOG (CI+SC+ET); ver inventario operacional,False,True,,['1'],1
1,54,ACEITES,PROSESA A SBH,RECEPCION,1,374,204,INGRESO EN PORTERIA( PRO-SBH),INGRESO EN PORTERIA( PRO-SBH),ADCON / Administrador de Conductor; ADET / Administrador de Etapa; ADSEC / Administrador de Secuencia; CLI / Cliente; CON / Conductor; OP / Operador; PF / Proforma; PLAN / Planificador; PRO / Proveedor; REC / Recepcionista; RP / Reportes; nav / nav,ETAPA_LOG (CI+SC+ET); ver inventario operacional,True,True,,"['6', '29', '7']",1
1,54,ACEITES,PROSESA A SBH,RECEPCION,2,375,205,PESAJE VACIO INICIAL ( PRO-SBH),PESAJE VACIO INICIAL ( PRO-SBH),OP / Operador; REC / Recepcionista,ETAPA_LOG (CI+SC+ET); ver inventario operacional,True,True,,"['15', '14', '1831', '12']",1
1,54,ACEITES,PROSESA A SBH,RECEPCION,3,376,206,RECEPCION DOCUMENTO  (PRO-SBH),RECEPCION DOCUMENTO  (PRO-SBH),ADCON / Administrador de Conductor; ADET / Administrador de Etapa; ADSEC / Administrador de Secuencia; CLI / Cliente; CON / Conductor; OP / Operador; PF / Proforma; PLAN / Planificador; PRO / Proveedor; REC / Recepcionista; RP / Reportes; nav / nav,ETAPA_LOG (CI+SC+ET); ver inventario operacional,True,True,,"['6', '29', '7']",1
1,54,ACEITES,PROSESA A SBH,RECEPCION,4,377,207,PESAJE FULL ( PRO -SBH),PESAJE FULL ( PRO -SBH),OP / Operador; REC / Recepcionista,ETAPA_LOG (CI+SC+ET); ver inventario operacional,True,False,2026-03-13 11:52:41.187138+00:00,"['15', '14', '1831', '12']",1
1,54,ACEITES,PROSESA A SBH,RECEPCION,4,381,211,PESAJE CARGADO ( PRO SBH ),PESAJE CARGADO ( PRO SBH ),OP / Operador; REC / Recepcionista,ETAPA_LOG (CI+SC+ET); ver inventario operacional,True,True,,"['15', '14', '12', '1831']",1
1,54,ACEITES,PROSESA A SBH,RECEPCION,5,378,208,EN DESCARGA (PRO -SBH ),EN DESCARGA (PRO -SBH,OP / Operador; PLAN / Planificador; REC / Recepcionista,ETAPA_LOG (CI+SC+ET); ver inventario operacional,True,True,,"['1832', '28', '1849']",1
1,54,ACEITES,PROSESA A SBH,RECEPCION,6,379,209,PESAJE VERIFICACION FINAL (PRO-SBH),PESAJE VERIFICACION FINAL (PRO-SBH),OP / Operador; REC / Recepcionista,ETAPA_LOG (CI+SC+ET); ver inventario operacional,True,True,,"['15', '14', '12', '1831']",1
1,54,ACEITES,PROSESA A SBH,RECEPCION,7,380,210,SECUENCIA TERMINADA (PRO-SBH),SECUENCIA TERMINADA (PRO-SBH),ADCON / Administrador de Conductor; ADET / Administrador de Etapa; ADSEC / Administrador de Secuencia; CLI / Cliente; CON / Conductor; OP / Operador; PF / Proforma; PLAN / Planificador; PRO / Proveedor; REC / Recepcionista; RP / Reportes; nav / nav,ETAPA_LOG (CI+SC+ET); ver inventario operacional,True,True,,"['6', '29', '7']",1
1,55,ACEITES,MOVIMIENTOS INTERNOS ACEITES,DESPACHO,1,382,212,INGRESO PORTERIA (TR INT ACEITE),INGRESO PORTERIA (TR INT ACEITE),OP / Operador; PLAN / Planificador; REC / Recepcionista,ETAPA_LOG (CI+SC+ET); ver inventario operacional,True,True,,"['1832', '28', '1849']",1
1,55,ACEITES,MOVIMIENTOS INTERNOS ACEITES,DESPACHO,2,383,213,PESAJE VACIO ( TR INT ACEITE),PESAJE VACIO ( TR INT ACEITE),OP / Operador; REC / Recepcionista,ETAPA_LOG (CI+SC+ET); ver inventario operacional,True,True,,"['15', '14', '12', '1831']",1
1,55,ACEITES,MOVIMIENTOS INTERNOS ACEITES,DESPACHO,3,384,214,CARGUIO ( TR INT ACEITE),CARGUIO ( TR INT ACEITE),OP / Operador; PLAN / Planificador; REC / Recepcionista,ETAPA_LOG (CI+SC+ET); ver inventario operacional,True,True,,"['1832', '28', '1849']",1
1,55,ACEITES,MOVIMIENTOS INTERNOS ACEITES,DESPACHO,4,385,215,PESAJE CARGADO ( TR INT ACEITE),PESAJE CARGADO ( TR INT ACEITE),OP / Operador; REC / Recepcionista,ETAPA_LOG (CI+SC+ET); ver inventario operacional,True,True,,"['15', '14', '12', '1831']",1
1,55,ACEITES,MOVIMIENTOS INTERNOS ACEITES,DESPACHO,5,386,216,SECUENCIA TERMINADA ( TR IN ACEITE),SECUENCIA TERMINADA ( TR IN ACEITE),OP / Operador; PLAN / Planificador; REC / Recepcionista,ETAPA_LOG (CI+SC+ET); ver inventario operacional,True,True,,"['1832', '28', '1849']",1
2,56,RECEPCION_ESTANQUE_SBH,Estanque SBH,RECEPCION,1,387,153,CAMION PROGRAMADO (RECP / EST ),CAMION PROGRAMADO (RECP / EST ),OP / Operador; PLAN / Planificador; REC / Recepcionista,ETAPA_LOG (CI+SC+ET); ver inventario operacional,True,True,,"['1832', '28']",1
2,56,RECEPCION_ESTANQUE_SBH,Estanque SBH,RECEPCION,2,388,154,PESAJE CON ESTANQUE ( RECP / EST ),PESAJE CON ESTANQUE ( RECP / EST ),OP / Operador; REC / Recepcionista,ETAPA_LOG (CI+SC+ET); ver inventario operacional,True,True,,"['15', '14', '1831', '12']",1
2,56,RECEPCION_ESTANQUE_SBH,Estanque SBH,RECEPCION,3,389,155,EN DESCARGA ( RECP / EST ),EN DESCARGA ( RECP / EST ),OP / Operador; PLAN / Planificador; REC / Recepcionista,ETAPA_LOG (CI+SC+ET); ver inventario operacional,True,True,,"['1832', '28']",1
2,56,RECEPCION_ESTANQUE_SBH,Estanque SBH,RECEPCION,4,390,156,PESAJE TRACTO (RECP / EST ),PESAJE TRACTO (RECP / EST ),OP / Operador; REC / Recepcionista,ETAPA_LOG (CI+SC+ET); ver inventario operacional,True,True,,"['15', '14', '1831', '12']",1
2,56,RECEPCION_ESTANQUE_SBH,Estanque SBH,RECEPCION,5,391,157,SECUENCIA TERMINADA ( RECP / EST ),SECUENCIA TERMINADA ( RECP / EST ),ADET / Administrador de Etapa; OP / Operador; REC / Recepcionista,ETAPA_LOG (CI+SC+ET); ver inventario operacional,True,True,,"['46', '41', '52', '49']",1
2,57,RECEPCION_BODEGA_EXTERNA,Bodega Externa,RECEPCION,1,392,123,PROGRAMADO EN PATIO RACV2,PROGRAMADO EN PATIO RACV2,ADCON / Administrador de Conductor; ADET / Administrador de Etapa; ADSEC / Administrador de Secuencia; CLI / Cliente; CON / Conductor; OP / Operador; PF / Proforma; PLAN / Planificador; PRO / Proveedor; REC / Recepcionista; RP / Reportes; nav / nav,ETAPA_LOG (CI+SC+ET); ver inventario operacional,True,True,,"['27', '6', '29', '1857', '7']",1
2,57,RECEPCION_BODEGA_EXTERNA,Bodega Externa,RECEPCION,2,393,126,PESAJE FULL RACV2,PESAJE FULL RACV2,OP / Operador; REC / Recepcionista,ETAPA_LOG (CI+SC+ET); ver inventario operacional,True,True,,"['15', '14', '1831', '12']",1
2,57,RECEPCION_BODEGA_EXTERNA,Bodega Externa,RECEPCION,3,394,127,EN DESCARGA RACV2,EN DESCARGA RACV2,PLAN / Planificador; PRO / Proveedor,ETAPA_LOG (CI+SC+ET); ver inventario operacional,True,True,,"['1832', '111']",1
2,57,RECEPCION_BODEGA_EXTERNA,Bodega Externa,RECEPCION,4,395,128,PESAJE VACIO RACV2,PESAJE VACIO RACV2,OP / Operador; REC / Recepcionista,ETAPA_LOG (CI+SC+ET); ver inventario operacional,True,True,,"['15', '14', '1831', '12']",1
2,57,RECEPCION_BODEGA_EXTERNA,Bodega Externa,RECEPCION,5,396,129,SECUENCIA TERMINADA RACV2,SECUENCIA TERMINADA RACV2,ADCON / Administrador de Conductor; ADET / Administrador de Etapa; ADSEC / Administrador de Secuencia; CLI / Cliente; CON / Conductor; OP / Operador; PF / Proforma; PLAN / Planificador; PRO / Proveedor; REC / Recepcionista; RP / Reportes; nav / nav,ETAPA_LOG (CI+SC+ET); ver inventario operacional,True,True,,"['6', '27', '29', '7']",1
2,57,RECEPCION_BODEGA_EXTERNA,Bodega Externa,RECEPCION,6,397,191,ANULACION DE OPERACION RACV3,ANULACION DE OPERACION RACV3,AD / Administrador del Sistema; ADET / Administrador de Etapa; ADSEC / Administrador de Secuencia; CLI / Cliente; CON / Conductor; OP / Operador; PF / Proforma; PLAN / Planificador; PRO / Proveedor; REC / Recepcionista; RP / Reportes; nav / nav,ETAPA_LOG (CI+SC+ET); ver inventario operacional,True,True,,['1'],1
2,58,RECEPCION_TRASVASIJE,Trasvasije,RECEPCION,1,398,134,INGRESO PORTERIA ( TR PROS),INGRESO PORTERIA ( TR PROS),ADCON / Administrador de Conductor; ADET / Administrador de Etapa; ADSEC / Administrador de Secuencia; CLI / Cliente; CON / Conductor; OP / Operador; PF / Proforma; PLAN / Planificador; PRO / Proveedor; REC / Recepcionista; RP / Reportes; nav / nav,ETAPA_LOG (CI+SC+ET); ver inventario operacional,True,True,,"['6', '27', '29', '7']",1
2,58,RECEPCION_TRASVASIJE,Trasvasije,RECEPCION,2,399,139,PESAJE VACIO INICIAL ( TR PROS),PESAJE VACIO INICIAL ( TR PROS),OP / Operador; REC / Recepcionista,ETAPA_LOG (CI+SC+ET); ver inventario operacional,True,True,,"['15', '14', '12', '1831']",1
2,58,RECEPCION_TRASVASIJE,Trasvasije,RECEPCION,3,400,135,CARGUIO - TRASVASIJE ( TR PROS),CARGUIO - TRASVASIJE ( TR PROS),OP / Operador; PF / Proforma; PLAN / Planificador; REC / Recepcionista,ETAPA_LOG (CI+SC+ET); ver inventario operacional,True,True,,"['1832', '25']",1
2,58,RECEPCION_TRASVASIJE,Trasvasije,RECEPCION,4,401,136,PESAJE FULL ( TR PROS),PESAJE FULL ( TR PROS),OP / Operador; REC / Recepcionista,ETAPA_LOG (CI+SC+ET); ver inventario operacional,True,True,,"['15', '14', '12', '1831']",1
2,58,RECEPCION_TRASVASIJE,Trasvasije,RECEPCION,5,402,137,EMISION DE GUIA (TR PROS),EMISION DE GUIA (TR PROS),ADCON / Administrador de Conductor; ADET / Administrador de Etapa; ADSEC / Administrador de Secuencia; CLI / Cliente; CON / Conductor; OP / Operador; PF / Proforma; PLAN / Planificador; PRO / Proveedor; REC / Recepcionista; RP / Reportes; nav / nav,ETAPA_LOG (CI+SC+ET); ver inventario operacional,True,True,,"['6', '27', '29', '7']",1
2,58,RECEPCION_TRASVASIJE,Trasvasije,RECEPCION,6,403,138,AUTORIZACION SALIDA DE PLANTA  ( TR PROS),AUTORIZACION SALIDA DE PLANTA  ( TR PROS),ADET / Administrador de Etapa; OP / Operador; PLAN / Planificador; REC / Recepcionista,ETAPA_LOG (CI+SC+ET); ver inventario operacional,True,True,,"['41', '46', '48', '47', '38', '52', '51', '50', '49', '1306']",1
2,58,RECEPCION_TRASVASIJE,Trasvasije,RECEPCION,7,404,196,PESAJE VERIFICACION FINAL ( TR PROS),PESAJE VERIFICACION FINAL ( TR PROS),OP / Operador; REC / Recepcionista,ETAPA_LOG (CI+SC+ET); ver inventario operacional,True,True,,"['15', '14', '12', '1831']",1
2,58,RECEPCION_TRASVASIJE,Trasvasije,RECEPCION,8,405,140,SECUENCIA TERMINADA ( TR PROS),SECUENCIA TERMINADA ( TR PROS),ADCON / Administrador de Conductor; ADET / Administrador de Etapa; ADSEC / Administrador de Secuencia; CLI / Cliente; CON / Conductor; OP / Operador; PF / Proforma; PLAN / Planificador; PRO / Proveedor; REC / Recepcionista; RP / Reportes; nav / nav,ETAPA_LOG (CI+SC+ET); ver inventario operacional,True,True,,"['6', '27', '29', '7']",1
2,59,RECEPCION_PATIO_LF_CON_CALIDAD,Patio LF con Calidad,RECEPCION,1,406,123,PROGRAMADO EN PATIO RACV2,PROGRAMADO EN PATIO RACV2,ADCON / Administrador de Conductor; ADET / Administrador de Etapa; ADSEC / Administrador de Secuencia; CLI / Cliente; CON / Conductor; OP / Operador; PF / Proforma; PLAN / Planificador; PRO / Proveedor; REC / Recepcionista; RP / Reportes; nav / nav,ETAPA_LOG (CI+SC+ET); ver inventario operacional,True,True,,"['27', '6', '29', '1857', '7']",1
2,59,RECEPCION_PATIO_LF_CON_CALIDAD,Patio LF con Calidad,RECEPCION,2,407,126,PESAJE FULL RACV2,PESAJE FULL RACV2,OP / Operador; REC / Recepcionista,ETAPA_LOG (CI+SC+ET); ver inventario operacional,True,True,,"['15', '14', '1831', '12']",1
2,59,RECEPCION_PATIO_LF_CON_CALIDAD,Patio LF con Calidad,RECEPCION,3,408,127,EN DESCARGA RACV2,EN DESCARGA RACV2,PLAN / Planificador; PRO / Proveedor,ETAPA_LOG (CI+SC+ET); ver inventario operacional,True,True,,"['1832', '111']",1
2,59,RECEPCION_PATIO_LF_CON_CALIDAD,Patio LF con Calidad,RECEPCION,4,409,128,PESAJE VACIO RACV2,PESAJE VACIO RACV2,OP / Operador; REC / Recepcionista,ETAPA_LOG (CI+SC+ET); ver inventario operacional,True,True,,"['15', '14', '1831', '12']",1
2,59,RECEPCION_PATIO_LF_CON_CALIDAD,Patio LF con Calidad,RECEPCION,5,410,129,SECUENCIA TERMINADA RACV2,SECUENCIA TERMINADA RACV2,ADCON / Administrador de Conductor; ADET / Administrador de Etapa; ADSEC / Administrador de Secuencia; CLI / Cliente; CON / Conductor; OP / Operador; PF / Proforma; PLAN / Planificador; PRO / Proveedor; REC / Recepcionista; RP / Reportes; nav / nav,ETAPA_LOG (CI+SC+ET); ver inventario operacional,True,True,,"['6', '27', '29', '7']",1
2,59,RECEPCION_PATIO_LF_CON_CALIDAD,Patio LF con Calidad,RECEPCION,6,411,191,ANULACION DE OPERACION RACV3,ANULACION DE OPERACION RACV3,AD / Administrador del Sistema; ADET / Administrador de Etapa; ADSEC / Administrador de Secuencia; CLI / Cliente; CON / Conductor; OP / Operador; PF / Proforma; PLAN / Planificador; PRO / Proveedor; REC / Recepcionista; RP / Reportes; nav / nav,ETAPA_LOG (CI+SC+ET); ver inventario operacional,True,True,,['1'],1
2,60,RECEPCION_PATIO_LF_SIN_CALIDAD,Patio LF sin Calidad,RECEPCION,1,412,89,PROGRAMADO EN PATIO ( REC AC ),PROGRAMADO EN PATIO ( REC AC ),ADCON / Administrador de Conductor; ADET / Administrador de Etapa; ADSEC / Administrador de Secuencia; CLI / Cliente; CON / Conductor; OP / Operador; PF / Proforma; PLAN / Planificador; PRO / Proveedor; REC / Recepcionista; RP / Reportes; nav / nav,ETAPA_LOG (CI+SC+ET); ver inventario operacional,True,True,,"['6', '7', '29', '31', '27']",1
2,60,RECEPCION_PATIO_LF_SIN_CALIDAD,Patio LF sin Calidad,RECEPCION,2,413,38,PESAJE FULL REC AC,PESAJE FULL REC AC,OP / Operador; REC / Recepcionista,ETAPA_LOG (CI+SC+ET); ver inventario operacional,True,True,,"['15', '14', '1831', '12']",1
2,60,RECEPCION_PATIO_LF_SIN_CALIDAD,Patio LF sin Calidad,RECEPCION,3,414,77,EN DESCARGA REC AC,EN DESCARGA REC AC,OP / Operador; PLAN / Planificador; PRO / Proveedor; REC / Recepcionista,ETAPA_LOG (CI+SC+ET); ver inventario operacional,True,True,,"['1832', '28', '111', '1282']",1
2,60,RECEPCION_PATIO_LF_SIN_CALIDAD,Patio LF sin Calidad,RECEPCION,4,415,39,PESAJE VACIO REC AC,PESAJE VACIO REC AC,OP / Operador; REC / Recepcionista,ETAPA_LOG (CI+SC+ET); ver inventario operacional,True,True,,"['37', '15', '14', '1831', '12']",1
2,60,RECEPCION_PATIO_LF_SIN_CALIDAD,Patio LF sin Calidad,RECEPCION,5,416,91,SECUENCIA TERMINADA,SECUENCIA TERMINADA,ADCON / Administrador de Conductor; ADET / Administrador de Etapa; ADSEC / Administrador de Secuencia; CLI / Cliente; CON / Conductor; OP / Operador; PF / Proforma; PLAN / Planificador; PRO / Proveedor; REC / Recepcionista; RP / Reportes; nav / nav,ETAPA_LOG (CI+SC+ET); ver inventario operacional,True,True,,"['6', '7', '29', '31', '27']",1
2,60,RECEPCION_PATIO_LF_SIN_CALIDAD,Patio LF sin Calidad,RECEPCION,6,417,195,ANULACION DE OPERACION R AC PISO,ANULACION DE OPERACION R AC PISO,AD / Administrador del Sistema; ADET / Administrador de Etapa; ADSEC / Administrador de Secuencia; CLI / Cliente; CON / Conductor; OP / Operador; PF / Proforma; PLAN / Planificador; PRO / Proveedor; REC / Recepcionista; RP / Reportes; nav / nav,ETAPA_LOG (CI+SC+ET); ver inventario operacional,True,True,,['1'],1
2,61,EST_SBH_CLIENTE,Despacho desde Estanque SBH,DESPACHO,1,418,217,DESPACHO_PROGRAMADO,Despacho Programado,Sin perfil vinculado al detalle; ver pasos operacionales,ETAPA_LOG (CI+SC+ET); ver inventario operacional,True,True,,,2
2,61,EST_SBH_CLIENTE,Despacho desde Estanque SBH,DESPACHO,2,419,218,INGRESO_PLANTA,Ingreso Planta,Sin perfil vinculado al detalle; ver pasos operacionales,ETAPA_LOG (CI+SC+ET); ver inventario operacional,True,True,,,2
2,61,EST_SBH_CLIENTE,Despacho desde Estanque SBH,DESPACHO,3,420,219,AUTORIZACIA3N_INGRESO,AutorizaciÃ³n Ingreso,Sin perfil vinculado al detalle; ver pasos operacionales,ETAPA_LOG (CI+SC+ET); ver inventario operacional,True,False,2026-07-23 13:20:09.580579+00:00,,2
2,61,EST_SBH_CLIENTE,Despacho desde Estanque SBH,DESPACHO,3,457,230,AUTORIZACION_INGRESO,Autorización Ingreso,Sin perfil vinculado al detalle; ver pasos operacionales,ETAPA_LOG (CI+SC+ET); ver inventario operacional,True,True,2026-07-22 20:08:57.231075+00:00,,2
2,61,EST_SBH_CLIENTE,Despacho desde Estanque SBH,DESPACHO,3,543,247,AUTORIZACIA_A3N_INGRESO,AutorizaciÃƒÂ³n Ingreso,Sin perfil vinculado al detalle; ver pasos operacionales,ETAPA_LOG (CI+SC+ET); ver inventario operacional,True,False,2026-07-23 18:26:55.627686+00:00,,2
2,61,EST_SBH_CLIENTE,Despacho desde Estanque SBH,DESPACHO,4,421,220,ENVA_A_A_ROMANA_INICIO_CICLO,EnvÃ­a a Romana Inicio Ciclo,Sin perfil vinculado al detalle; ver pasos operacionales,ETAPA_LOG (CI+SC+ET); ver inventario operacional,True,False,2026-07-23 13:20:09.580579+00:00,,2
2,61,EST_SBH_CLIENTE,Despacho desde Estanque SBH,DESPACHO,4,458,231,ENVIA_A_ROMANA_INICIO_CICLO,Envía a Romana Inicio Ciclo,Sin perfil vinculado al detalle; ver pasos operacionales,ETAPA_LOG (CI+SC+ET); ver inventario operacional,True,False,2026-07-22 20:08:57.231075+00:00,,2
2,61,EST_SBH_CLIENTE,Despacho desde Estanque SBH,DESPACHO,4,544,248,ENVA_A_A_A_ROMANA_INICIO_CICLO,EnvÃƒÂ­a a Romana Inicio Ciclo,Sin perfil vinculado al detalle; ver pasos operacionales,ETAPA_LOG (CI+SC+ET); ver inventario operacional,True,False,2026-07-23 18:26:55.627686+00:00,,2
2,61,EST_SBH_CLIENTE,Despacho desde Estanque SBH,DESPACHO,4,559,251,ENVIARA_A_ROMANA_INICIO_CICLO,Enviará a Romana Inicio Ciclo,Sin perfil vinculado al detalle; ver pasos operacionales,ETAPA_LOG (CI+SC+ET); ver inventario operacional,True,True,,,2
2,61,EST_SBH_CLIENTE,Despacho desde Estanque SBH,DESPACHO,5,422,221,INICIO_CARGA,Inicio Carga,Sin perfil vinculado al detalle; ver pasos operacionales,ETAPA_LOG (CI+SC+ET); ver inventario operacional,True,True,,,2
2,61,EST_SBH_CLIENTE,Despacho desde Estanque SBH,DESPACHO,6,423,222,PESAJE_ROMANA,Pesaje Romana,Sin perfil vinculado al detalle; ver pasos operacionales,ETAPA_LOG (CI+SC+ET); ver inventario operacional,True,True,,,2
2,61,EST_SBH_CLIENTE,Despacho desde Estanque SBH,DESPACHO,7,424,223,CIERRE_PROCESO_DE_CARGA,Cierre Proceso de Carga,Sin perfil vinculado al detalle; ver pasos operacionales,ETAPA_LOG (CI+SC+ET); ver inventario operacional,True,True,,,2
2,61,EST_SBH_CLIENTE,Despacho desde Estanque SBH,DESPACHO,8,425,224,EMISIA3N_GUA_A_FACTURA,EmisiÃ³n GuÃ­a / Factura,Sin perfil vinculado al detalle; ver pasos operacionales,ETAPA_LOG (CI+SC+ET); ver inventario operacional,True,False,2026-07-23 13:20:09.580579+00:00,,2
2,61,EST_SBH_CLIENTE,Despacho desde Estanque SBH,DESPACHO,8,459,232,EMISION_GUIA_FACTURA,Emisión Guía / Factura,Sin perfil vinculado al detalle; ver pasos operacionales,ETAPA_LOG (CI+SC+ET); ver inventario operacional,True,True,2026-07-22 20:08:57.231075+00:00,,2
2,61,EST_SBH_CLIENTE,Despacho desde Estanque SBH,DESPACHO,8,545,249,EMISIA_A3N_GUA_A_A_FACTURA,EmisiÃƒÂ³n GuÃƒÂ­a / Factura,Sin perfil vinculado al detalle; ver pasos operacionales,ETAPA_LOG (CI+SC+ET); ver inventario operacional,True,False,2026-07-23 18:26:55.627686+00:00,,2
2,61,EST_SBH_CLIENTE,Despacho desde Estanque SBH,DESPACHO,9,426,225,AUTORIZACIA3N_SALIDA,AutorizaciÃ³n Salida,Sin perfil vinculado al detalle; ver pasos operacionales,ETAPA_LOG (CI+SC+ET); ver inventario operacional,True,False,2026-07-23 13:20:09.580579+00:00,,2
2,61,EST_SBH_CLIENTE,Despacho desde Estanque SBH,DESPACHO,9,460,233,AUTORIZACION_SALIDA,Autorización Salida,Sin perfil vinculado al detalle; ver pasos operacionales,ETAPA_LOG (CI+SC+ET); ver inventario operacional,True,True,2026-07-22 20:08:57.231075+00:00,,2
2,61,EST_SBH_CLIENTE,Despacho desde Estanque SBH,DESPACHO,9,546,250,AUTORIZACIA_A3N_SALIDA,AutorizaciÃƒÂ³n Salida,Sin perfil vinculado al detalle; ver pasos operacionales,ETAPA_LOG (CI+SC+ET); ver inventario operacional,True,False,2026-07-23 18:26:55.627686+00:00,,2
2,61,EST_SBH_CLIENTE,Despacho desde Estanque SBH,DESPACHO,10,427,226,CONFIRMAR_SALIDA,Confirmar Salida,Sin perfil vinculado al detalle; ver pasos operacionales,ETAPA_LOG (CI+SC+ET); ver inventario operacional,True,True,,,2
2,62,BODEGA_EXTERNA_CLIENTE,Despacho desde Bodega Externa,DESPACHO,1,428,217,DESPACHO_PROGRAMADO,Despacho Programado,Sin perfil vinculado al detalle; ver pasos operacionales,ETAPA_LOG (CI+SC+ET); ver inventario operacional,True,True,,,2
2,62,BODEGA_EXTERNA_CLIENTE,Despacho desde Bodega Externa,DESPACHO,2,429,218,INGRESO_PLANTA,Ingreso Planta,Sin perfil vinculado al detalle; ver pasos operacionales,ETAPA_LOG (CI+SC+ET); ver inventario operacional,True,True,,,2
2,62,BODEGA_EXTERNA_CLIENTE,Despacho desde Bodega Externa,DESPACHO,3,430,219,AUTORIZACIA3N_INGRESO,AutorizaciÃ³n Ingreso,Sin perfil vinculado al detalle; ver pasos operacionales,ETAPA_LOG (CI+SC+ET); ver inventario operacional,True,False,2026-07-23 13:20:09.595961+00:00,,2
2,62,BODEGA_EXTERNA_CLIENTE,Despacho desde Bodega Externa,DESPACHO,3,461,230,AUTORIZACION_INGRESO,Autorización Ingreso,Sin perfil vinculado al detalle; ver pasos operacionales,ETAPA_LOG (CI+SC+ET); ver inventario operacional,True,True,2026-07-22 20:08:57.245696+00:00,,2
2,62,BODEGA_EXTERNA_CLIENTE,Despacho desde Bodega Externa,DESPACHO,3,547,247,AUTORIZACIA_A3N_INGRESO,AutorizaciÃƒÂ³n Ingreso,Sin perfil vinculado al detalle; ver pasos operacionales,ETAPA_LOG (CI+SC+ET); ver inventario operacional,True,False,2026-07-23 18:26:55.646365+00:00,,2
2,62,BODEGA_EXTERNA_CLIENTE,Despacho desde Bodega Externa,DESPACHO,4,431,220,ENVA_A_A_ROMANA_INICIO_CICLO,EnvÃ­a a Romana Inicio Ciclo,Sin perfil vinculado al detalle; ver pasos operacionales,ETAPA_LOG (CI+SC+ET); ver inventario operacional,True,False,2026-07-23 13:20:09.595961+00:00,,2
2,62,BODEGA_EXTERNA_CLIENTE,Despacho desde Bodega Externa,DESPACHO,4,462,231,ENVIA_A_ROMANA_INICIO_CICLO,Envía a Romana Inicio Ciclo,Sin perfil vinculado al detalle; ver pasos operacionales,ETAPA_LOG (CI+SC+ET); ver inventario operacional,True,False,2026-07-22 20:08:57.245696+00:00,,2
2,62,BODEGA_EXTERNA_CLIENTE,Despacho desde Bodega Externa,DESPACHO,4,548,248,ENVA_A_A_A_ROMANA_INICIO_CICLO,EnvÃƒÂ­a a Romana Inicio Ciclo,Sin perfil vinculado al detalle; ver pasos operacionales,ETAPA_LOG (CI+SC+ET); ver inventario operacional,True,False,2026-07-23 18:26:55.646365+00:00,,2
2,62,BODEGA_EXTERNA_CLIENTE,Despacho desde Bodega Externa,DESPACHO,4,560,251,ENVIARA_A_ROMANA_INICIO_CICLO,Enviará a Romana Inicio Ciclo,Sin perfil vinculado al detalle; ver pasos operacionales,ETAPA_LOG (CI+SC+ET); ver inventario operacional,True,True,,,2
2,62,BODEGA_EXTERNA_CLIENTE,Despacho desde Bodega Externa,DESPACHO,5,432,227,INICIO_CARGA_BODEGA_EXTERNA,Inicio Carga Bodega Externa,Sin perfil vinculado al detalle; ver pasos operacionales,ETAPA_LOG (CI+SC+ET); ver inventario operacional,True,True,,,2
2,62,BODEGA_EXTERNA_CLIENTE,Despacho desde Bodega Externa,DESPACHO,6,433,223,CIERRE_PROCESO_DE_CARGA,Cierre Proceso de Carga,Sin perfil vinculado al detalle; ver pasos operacionales,ETAPA_LOG (CI+SC+ET); ver inventario operacional,True,True,,,2
2,62,BODEGA_EXTERNA_CLIENTE,Despacho desde Bodega Externa,DESPACHO,7,434,224,EMISIA3N_GUA_A_FACTURA,EmisiÃ³n GuÃ­a / Factura,Sin perfil vinculado al detalle; ver pasos operacionales,ETAPA_LOG (CI+SC+ET); ver inventario operacional,True,False,2026-07-23 13:20:09.595961+00:00,,2
2,62,BODEGA_EXTERNA_CLIENTE,Despacho desde Bodega Externa,DESPACHO,7,463,232,EMISION_GUIA_FACTURA,Emisión Guía / Factura,Sin perfil vinculado al detalle; ver pasos operacionales,ETAPA_LOG (CI+SC+ET); ver inventario operacional,True,True,2026-07-22 20:08:57.245696+00:00,,2
2,62,BODEGA_EXTERNA_CLIENTE,Despacho desde Bodega Externa,DESPACHO,7,549,249,EMISIA_A3N_GUA_A_A_FACTURA,EmisiÃƒÂ³n GuÃƒÂ­a / Factura,Sin perfil vinculado al detalle; ver pasos operacionales,ETAPA_LOG (CI+SC+ET); ver inventario operacional,True,False,2026-07-23 18:26:55.646365+00:00,,2
2,62,BODEGA_EXTERNA_CLIENTE,Despacho desde Bodega Externa,DESPACHO,8,435,225,AUTORIZACIA3N_SALIDA,AutorizaciÃ³n Salida,Sin perfil vinculado al detalle; ver pasos operacionales,ETAPA_LOG (CI+SC+ET); ver inventario operacional,True,False,2026-07-23 13:20:09.595961+00:00,,2
2,62,BODEGA_EXTERNA_CLIENTE,Despacho desde Bodega Externa,DESPACHO,8,464,233,AUTORIZACION_SALIDA,Autorización Salida,Sin perfil vinculado al detalle; ver pasos operacionales,ETAPA_LOG (CI+SC+ET); ver inventario operacional,True,True,2026-07-22 20:08:57.245696+00:00,,2
2,62,BODEGA_EXTERNA_CLIENTE,Despacho desde Bodega Externa,DESPACHO,8,550,250,AUTORIZACIA_A3N_SALIDA,AutorizaciÃƒÂ³n Salida,Sin perfil vinculado al detalle; ver pasos operacionales,ETAPA_LOG (CI+SC+ET); ver inventario operacional,True,False,2026-07-23 18:26:55.646365+00:00,,2
2,62,BODEGA_EXTERNA_CLIENTE,Despacho desde Bodega Externa,DESPACHO,9,436,226,CONFIRMAR_SALIDA,Confirmar Salida,Sin perfil vinculado al detalle; ver pasos operacionales,ETAPA_LOG (CI+SC+ET); ver inventario operacional,True,True,,,2
2,63,TRASVASIJE_CLIENTE,Despacho por Trasvasije,DESPACHO,1,437,217,DESPACHO_PROGRAMADO,Despacho Programado,Sin perfil vinculado al detalle; ver pasos operacionales,ETAPA_LOG (CI+SC+ET); ver inventario operacional,True,True,,,2
2,63,TRASVASIJE_CLIENTE,Despacho por Trasvasije,DESPACHO,2,438,218,INGRESO_PLANTA,Ingreso Planta,Sin perfil vinculado al detalle; ver pasos operacionales,ETAPA_LOG (CI+SC+ET); ver inventario operacional,True,True,,,2
2,63,TRASVASIJE_CLIENTE,Despacho por Trasvasije,DESPACHO,3,439,219,AUTORIZACIA3N_INGRESO,AutorizaciÃ³n Ingreso,Sin perfil vinculado al detalle; ver pasos operacionales,ETAPA_LOG (CI+SC+ET); ver inventario operacional,True,False,2026-07-23 13:20:09.610861+00:00,,2
2,63,TRASVASIJE_CLIENTE,Despacho por Trasvasije,DESPACHO,3,465,230,AUTORIZACION_INGRESO,Autorización Ingreso,Sin perfil vinculado al detalle; ver pasos operacionales,ETAPA_LOG (CI+SC+ET); ver inventario operacional,True,True,2026-07-22 20:08:57.259107+00:00,,2
2,63,TRASVASIJE_CLIENTE,Despacho por Trasvasije,DESPACHO,3,551,247,AUTORIZACIA_A3N_INGRESO,AutorizaciÃƒÂ³n Ingreso,Sin perfil vinculado al detalle; ver pasos operacionales,ETAPA_LOG (CI+SC+ET); ver inventario operacional,True,False,2026-07-23 18:26:55.666949+00:00,,2
2,63,TRASVASIJE_CLIENTE,Despacho por Trasvasije,DESPACHO,4,440,220,ENVA_A_A_ROMANA_INICIO_CICLO,EnvÃ­a a Romana Inicio Ciclo,Sin perfil vinculado al detalle; ver pasos operacionales,ETAPA_LOG (CI+SC+ET); ver inventario operacional,True,False,2026-07-23 13:20:09.610861+00:00,,2
2,63,TRASVASIJE_CLIENTE,Despacho por Trasvasije,DESPACHO,4,466,231,ENVIA_A_ROMANA_INICIO_CICLO,Envía a Romana Inicio Ciclo,Sin perfil vinculado al detalle; ver pasos operacionales,ETAPA_LOG (CI+SC+ET); ver inventario operacional,True,False,2026-07-22 20:08:57.259107+00:00,,2
2,63,TRASVASIJE_CLIENTE,Despacho por Trasvasije,DESPACHO,4,552,248,ENVA_A_A_A_ROMANA_INICIO_CICLO,EnvÃƒÂ­a a Romana Inicio Ciclo,Sin perfil vinculado al detalle; ver pasos operacionales,ETAPA_LOG (CI+SC+ET); ver inventario operacional,True,False,2026-07-23 18:26:55.666949+00:00,,2
2,63,TRASVASIJE_CLIENTE,Despacho por Trasvasije,DESPACHO,4,561,251,ENVIARA_A_ROMANA_INICIO_CICLO,Enviará a Romana Inicio Ciclo,Sin perfil vinculado al detalle; ver pasos operacionales,ETAPA_LOG (CI+SC+ET); ver inventario operacional,True,True,,,2
2,63,TRASVASIJE_CLIENTE,Despacho por Trasvasije,DESPACHO,5,441,228,INICIO_CARGA_DESPACHO_CISTERNA,Inicio Carga / Despacho Cisterna,Sin perfil vinculado al detalle; ver pasos operacionales,ETAPA_LOG (CI+SC+ET); ver inventario operacional,True,True,,,2
2,63,TRASVASIJE_CLIENTE,Despacho por Trasvasije,DESPACHO,6,442,222,PESAJE_ROMANA,Pesaje Romana,Sin perfil vinculado al detalle; ver pasos operacionales,ETAPA_LOG (CI+SC+ET); ver inventario operacional,True,True,,,2
2,63,TRASVASIJE_CLIENTE,Despacho por Trasvasije,DESPACHO,7,443,223,CIERRE_PROCESO_DE_CARGA,Cierre Proceso de Carga,Sin perfil vinculado al detalle; ver pasos operacionales,ETAPA_LOG (CI+SC+ET); ver inventario operacional,True,True,,,2
2,63,TRASVASIJE_CLIENTE,Despacho por Trasvasije,DESPACHO,8,444,224,EMISIA3N_GUA_A_FACTURA,EmisiÃ³n GuÃ­a / Factura,Sin perfil vinculado al detalle; ver pasos operacionales,ETAPA_LOG (CI+SC+ET); ver inventario operacional,True,False,2026-07-23 13:20:09.610861+00:00,,2
2,63,TRASVASIJE_CLIENTE,Despacho por Trasvasije,DESPACHO,8,467,232,EMISION_GUIA_FACTURA,Emisión Guía / Factura,Sin perfil vinculado al detalle; ver pasos operacionales,ETAPA_LOG (CI+SC+ET); ver inventario operacional,True,True,2026-07-22 20:08:57.259107+00:00,,2
2,63,TRASVASIJE_CLIENTE,Despacho por Trasvasije,DESPACHO,8,553,249,EMISIA_A3N_GUA_A_A_FACTURA,EmisiÃƒÂ³n GuÃƒÂ­a / Factura,Sin perfil vinculado al detalle; ver pasos operacionales,ETAPA_LOG (CI+SC+ET); ver inventario operacional,True,False,2026-07-23 18:26:55.666949+00:00,,2
2,63,TRASVASIJE_CLIENTE,Despacho por Trasvasije,DESPACHO,9,445,225,AUTORIZACIA3N_SALIDA,AutorizaciÃ³n Salida,Sin perfil vinculado al detalle; ver pasos operacionales,ETAPA_LOG (CI+SC+ET); ver inventario operacional,True,False,2026-07-23 13:20:09.610861+00:00,,2
2,63,TRASVASIJE_CLIENTE,Despacho por Trasvasije,DESPACHO,9,468,233,AUTORIZACION_SALIDA,Autorización Salida,Sin perfil vinculado al detalle; ver pasos operacionales,ETAPA_LOG (CI+SC+ET); ver inventario operacional,True,True,2026-07-22 20:08:57.259107+00:00,,2
2,63,TRASVASIJE_CLIENTE,Despacho por Trasvasije,DESPACHO,9,554,250,AUTORIZACIA_A3N_SALIDA,AutorizaciÃƒÂ³n Salida,Sin perfil vinculado al detalle; ver pasos operacionales,ETAPA_LOG (CI+SC+ET); ver inventario operacional,True,False,2026-07-23 18:26:55.666949+00:00,,2
2,63,TRASVASIJE_CLIENTE,Despacho por Trasvasije,DESPACHO,10,446,226,CONFIRMAR_SALIDA,Confirmar Salida,Sin perfil vinculado al detalle; ver pasos operacionales,ETAPA_LOG (CI+SC+ET); ver inventario operacional,True,True,,,2
2,64,BODEGA_PATIO_CLIENTE,Despacho desde Patio,DESPACHO,1,447,217,DESPACHO_PROGRAMADO,Despacho Programado,Sin perfil vinculado al detalle; ver pasos operacionales,ETAPA_LOG (CI+SC+ET); ver inventario operacional,True,True,,,2
2,64,BODEGA_PATIO_CLIENTE,Despacho desde Patio,DESPACHO,2,448,218,INGRESO_PLANTA,Ingreso Planta,Sin perfil vinculado al detalle; ver pasos operacionales,ETAPA_LOG (CI+SC+ET); ver inventario operacional,True,True,,,2
2,64,BODEGA_PATIO_CLIENTE,Despacho desde Patio,DESPACHO,3,449,219,AUTORIZACIA3N_INGRESO,AutorizaciÃ³n Ingreso,Sin perfil vinculado al detalle; ver pasos operacionales,ETAPA_LOG (CI+SC+ET); ver inventario operacional,True,False,2026-07-23 13:20:09.626156+00:00,,2
2,64,BODEGA_PATIO_CLIENTE,Despacho desde Patio,DESPACHO,3,469,230,AUTORIZACION_INGRESO,Autorización Ingreso,Sin perfil vinculado al detalle; ver pasos operacionales,ETAPA_LOG (CI+SC+ET); ver inventario operacional,True,True,2026-07-22 20:08:57.273556+00:00,,2
2,64,BODEGA_PATIO_CLIENTE,Despacho desde Patio,DESPACHO,3,555,247,AUTORIZACIA_A3N_INGRESO,AutorizaciÃƒÂ³n Ingreso,Sin perfil vinculado al detalle; ver pasos operacionales,ETAPA_LOG (CI+SC+ET); ver inventario operacional,True,False,2026-07-23 18:26:55.687859+00:00,,2
2,64,BODEGA_PATIO_CLIENTE,Despacho desde Patio,DESPACHO,4,450,220,ENVA_A_A_ROMANA_INICIO_CICLO,EnvÃ­a a Romana Inicio Ciclo,Sin perfil vinculado al detalle; ver pasos operacionales,ETAPA_LOG (CI+SC+ET); ver inventario operacional,True,False,2026-07-23 13:20:09.626156+00:00,,2
2,64,BODEGA_PATIO_CLIENTE,Despacho desde Patio,DESPACHO,4,470,231,ENVIA_A_ROMANA_INICIO_CICLO,Envía a Romana Inicio Ciclo,Sin perfil vinculado al detalle; ver pasos operacionales,ETAPA_LOG (CI+SC+ET); ver inventario operacional,True,False,2026-07-22 20:08:57.273556+00:00,,2
2,64,BODEGA_PATIO_CLIENTE,Despacho desde Patio,DESPACHO,4,556,248,ENVA_A_A_A_ROMANA_INICIO_CICLO,EnvÃƒÂ­a a Romana Inicio Ciclo,Sin perfil vinculado al detalle; ver pasos operacionales,ETAPA_LOG (CI+SC+ET); ver inventario operacional,True,False,2026-07-23 18:26:55.687859+00:00,,2
2,64,BODEGA_PATIO_CLIENTE,Despacho desde Patio,DESPACHO,4,562,251,ENVIARA_A_ROMANA_INICIO_CICLO,Enviará a Romana Inicio Ciclo,Sin perfil vinculado al detalle; ver pasos operacionales,ETAPA_LOG (CI+SC+ET); ver inventario operacional,True,True,,,2
2,64,BODEGA_PATIO_CLIENTE,Despacho desde Patio,DESPACHO,5,451,229,INICIO_CARGA_PATIO,Inicio Carga Patio,Sin perfil vinculado al detalle; ver pasos operacionales,ETAPA_LOG (CI+SC+ET); ver inventario operacional,True,True,,,2
2,64,BODEGA_PATIO_CLIENTE,Despacho desde Patio,DESPACHO,6,452,222,PESAJE_ROMANA,Pesaje Romana,Sin perfil vinculado al detalle; ver pasos operacionales,ETAPA_LOG (CI+SC+ET); ver inventario operacional,True,True,,,2
2,64,BODEGA_PATIO_CLIENTE,Despacho desde Patio,DESPACHO,7,453,223,CIERRE_PROCESO_DE_CARGA,Cierre Proceso de Carga,Sin perfil vinculado al detalle; ver pasos operacionales,ETAPA_LOG (CI+SC+ET); ver inventario operacional,True,True,,,2
2,64,BODEGA_PATIO_CLIENTE,Despacho desde Patio,DESPACHO,8,454,224,EMISIA3N_GUA_A_FACTURA,EmisiÃ³n GuÃ­a / Factura,Sin perfil vinculado al detalle; ver pasos operacionales,ETAPA_LOG (CI+SC+ET); ver inventario operacional,True,False,2026-07-23 13:20:09.626156+00:00,,2
2,64,BODEGA_PATIO_CLIENTE,Despacho desde Patio,DESPACHO,8,471,232,EMISION_GUIA_FACTURA,Emisión Guía / Factura,Sin perfil vinculado al detalle; ver pasos operacionales,ETAPA_LOG (CI+SC+ET); ver inventario operacional,True,True,2026-07-22 20:08:57.273556+00:00,,2
2,64,BODEGA_PATIO_CLIENTE,Despacho desde Patio,DESPACHO,8,557,249,EMISIA_A3N_GUA_A_A_FACTURA,EmisiÃƒÂ³n GuÃƒÂ­a / Factura,Sin perfil vinculado al detalle; ver pasos operacionales,ETAPA_LOG (CI+SC+ET); ver inventario operacional,True,False,2026-07-23 18:26:55.687859+00:00,,2
2,64,BODEGA_PATIO_CLIENTE,Despacho desde Patio,DESPACHO,9,455,225,AUTORIZACIA3N_SALIDA,AutorizaciÃ³n Salida,Sin perfil vinculado al detalle; ver pasos operacionales,ETAPA_LOG (CI+SC+ET); ver inventario operacional,True,False,2026-07-23 13:20:09.626156+00:00,,2
2,64,BODEGA_PATIO_CLIENTE,Despacho desde Patio,DESPACHO,9,472,233,AUTORIZACION_SALIDA,Autorización Salida,Sin perfil vinculado al detalle; ver pasos operacionales,ETAPA_LOG (CI+SC+ET); ver inventario operacional,True,True,2026-07-22 20:08:57.273556+00:00,,2
2,64,BODEGA_PATIO_CLIENTE,Despacho desde Patio,DESPACHO,9,558,250,AUTORIZACIA_A3N_SALIDA,AutorizaciÃƒÂ³n Salida,Sin perfil vinculado al detalle; ver pasos operacionales,ETAPA_LOG (CI+SC+ET); ver inventario operacional,True,False,2026-07-23 18:26:55.687859+00:00,,2
2,64,BODEGA_PATIO_CLIENTE,Despacho desde Patio,DESPACHO,10,456,226,CONFIRMAR_SALIDA,Confirmar Salida,Sin perfil vinculado al detalle; ver pasos operacionales,ETAPA_LOG (CI+SC+ET); ver inventario operacional,True,True,,,2
1,65,RECEPCION_ESTANQUE_SBH,Estanque SBH,RECEPCION,1,473,153,CAMION PROGRAMADO (RECP / EST ),CAMION PROGRAMADO (RECP / EST ),OP / Operador; PLAN / Planificador; REC / Recepcionista,ETAPA_LOG (CI+SC+ET); ver inventario operacional,True,True,,"['1832', '28']",1
1,65,RECEPCION_ESTANQUE_SBH,Estanque SBH,RECEPCION,2,474,154,PESAJE CON ESTANQUE ( RECP / EST ),PESAJE CON ESTANQUE ( RECP / EST ),OP / Operador; REC / Recepcionista,ETAPA_LOG (CI+SC+ET); ver inventario operacional,True,True,,"['15', '14', '1831', '12']",1
1,65,RECEPCION_ESTANQUE_SBH,Estanque SBH,RECEPCION,3,475,155,EN DESCARGA ( RECP / EST ),EN DESCARGA ( RECP / EST ),OP / Operador; PLAN / Planificador; REC / Recepcionista,ETAPA_LOG (CI+SC+ET); ver inventario operacional,True,True,,"['1832', '28']",1
1,65,RECEPCION_ESTANQUE_SBH,Estanque SBH,RECEPCION,4,476,156,PESAJE TRACTO (RECP / EST ),PESAJE TRACTO (RECP / EST ),OP / Operador; REC / Recepcionista,ETAPA_LOG (CI+SC+ET); ver inventario operacional,True,True,,"['15', '14', '1831', '12']",1
1,65,RECEPCION_ESTANQUE_SBH,Estanque SBH,RECEPCION,5,477,157,SECUENCIA TERMINADA ( RECP / EST ),SECUENCIA TERMINADA ( RECP / EST ),ADET / Administrador de Etapa; OP / Operador; REC / Recepcionista,ETAPA_LOG (CI+SC+ET); ver inventario operacional,True,True,,"['46', '41', '52', '49']",1
1,66,RECEPCION_BODEGA_EXTERNA,Bodega Externa,RECEPCION,1,478,123,PROGRAMADO EN PATIO RACV2,PROGRAMADO EN PATIO RACV2,ADCON / Administrador de Conductor; ADET / Administrador de Etapa; ADSEC / Administrador de Secuencia; CLI / Cliente; CON / Conductor; OP / Operador; PF / Proforma; PLAN / Planificador; PRO / Proveedor; REC / Recepcionista; RP / Reportes; nav / nav,ETAPA_LOG (CI+SC+ET); ver inventario operacional,True,True,,"['27', '6', '29', '1857', '7']",1
1,66,RECEPCION_BODEGA_EXTERNA,Bodega Externa,RECEPCION,2,479,126,PESAJE FULL RACV2,PESAJE FULL RACV2,OP / Operador; REC / Recepcionista,ETAPA_LOG (CI+SC+ET); ver inventario operacional,True,True,,"['15', '14', '1831', '12']",1
1,66,RECEPCION_BODEGA_EXTERNA,Bodega Externa,RECEPCION,3,480,127,EN DESCARGA RACV2,EN DESCARGA RACV2,PLAN / Planificador; PRO / Proveedor,ETAPA_LOG (CI+SC+ET); ver inventario operacional,True,True,,"['1832', '111']",1
1,66,RECEPCION_BODEGA_EXTERNA,Bodega Externa,RECEPCION,4,481,128,PESAJE VACIO RACV2,PESAJE VACIO RACV2,OP / Operador; REC / Recepcionista,ETAPA_LOG (CI+SC+ET); ver inventario operacional,True,True,,"['15', '14', '1831', '12']",1
1,66,RECEPCION_BODEGA_EXTERNA,Bodega Externa,RECEPCION,5,482,129,SECUENCIA TERMINADA RACV2,SECUENCIA TERMINADA RACV2,ADCON / Administrador de Conductor; ADET / Administrador de Etapa; ADSEC / Administrador de Secuencia; CLI / Cliente; CON / Conductor; OP / Operador; PF / Proforma; PLAN / Planificador; PRO / Proveedor; REC / Recepcionista; RP / Reportes; nav / nav,ETAPA_LOG (CI+SC+ET); ver inventario operacional,True,True,,"['6', '27', '29', '7']",1
1,66,RECEPCION_BODEGA_EXTERNA,Bodega Externa,RECEPCION,6,483,191,ANULACION DE OPERACION RACV3,ANULACION DE OPERACION RACV3,AD / Administrador del Sistema; ADET / Administrador de Etapa; ADSEC / Administrador de Secuencia; CLI / Cliente; CON / Conductor; OP / Operador; PF / Proforma; PLAN / Planificador; PRO / Proveedor; REC / Recepcionista; RP / Reportes; nav / nav,ETAPA_LOG (CI+SC+ET); ver inventario operacional,True,True,,['1'],1
1,67,RECEPCION_TRASVASIJE,Trasvasije,RECEPCION,1,484,134,INGRESO PORTERIA ( TR PROS),INGRESO PORTERIA ( TR PROS),ADCON / Administrador de Conductor; ADET / Administrador de Etapa; ADSEC / Administrador de Secuencia; CLI / Cliente; CON / Conductor; OP / Operador; PF / Proforma; PLAN / Planificador; PRO / Proveedor; REC / Recepcionista; RP / Reportes; nav / nav,ETAPA_LOG (CI+SC+ET); ver inventario operacional,True,True,,"['6', '27', '29', '7']",1
1,67,RECEPCION_TRASVASIJE,Trasvasije,RECEPCION,2,485,139,PESAJE VACIO INICIAL ( TR PROS),PESAJE VACIO INICIAL ( TR PROS),OP / Operador; REC / Recepcionista,ETAPA_LOG (CI+SC+ET); ver inventario operacional,True,True,,"['15', '14', '12', '1831']",1
1,67,RECEPCION_TRASVASIJE,Trasvasije,RECEPCION,3,486,135,CARGUIO - TRASVASIJE ( TR PROS),CARGUIO - TRASVASIJE ( TR PROS),OP / Operador; PF / Proforma; PLAN / Planificador; REC / Recepcionista,ETAPA_LOG (CI+SC+ET); ver inventario operacional,True,True,,"['1832', '25']",1
1,67,RECEPCION_TRASVASIJE,Trasvasije,RECEPCION,4,487,136,PESAJE FULL ( TR PROS),PESAJE FULL ( TR PROS),OP / Operador; REC / Recepcionista,ETAPA_LOG (CI+SC+ET); ver inventario operacional,True,True,,"['15', '14', '12', '1831']",1
1,67,RECEPCION_TRASVASIJE,Trasvasije,RECEPCION,5,488,137,EMISION DE GUIA (TR PROS),EMISION DE GUIA (TR PROS),ADCON / Administrador de Conductor; ADET / Administrador de Etapa; ADSEC / Administrador de Secuencia; CLI / Cliente; CON / Conductor; OP / Operador; PF / Proforma; PLAN / Planificador; PRO / Proveedor; REC / Recepcionista; RP / Reportes; nav / nav,ETAPA_LOG (CI+SC+ET); ver inventario operacional,True,True,,"['6', '27', '29', '7']",1
1,67,RECEPCION_TRASVASIJE,Trasvasije,RECEPCION,6,489,138,AUTORIZACION SALIDA DE PLANTA  ( TR PROS),AUTORIZACION SALIDA DE PLANTA  ( TR PROS),ADET / Administrador de Etapa; OP / Operador; PLAN / Planificador; REC / Recepcionista,ETAPA_LOG (CI+SC+ET); ver inventario operacional,True,True,,"['41', '46', '48', '47', '38', '52', '51', '50', '49', '1306']",1
1,67,RECEPCION_TRASVASIJE,Trasvasije,RECEPCION,7,490,196,PESAJE VERIFICACION FINAL ( TR PROS),PESAJE VERIFICACION FINAL ( TR PROS),OP / Operador; REC / Recepcionista,ETAPA_LOG (CI+SC+ET); ver inventario operacional,True,True,,"['15', '14', '12', '1831']",1
1,67,RECEPCION_TRASVASIJE,Trasvasije,RECEPCION,8,491,140,SECUENCIA TERMINADA ( TR PROS),SECUENCIA TERMINADA ( TR PROS),ADCON / Administrador de Conductor; ADET / Administrador de Etapa; ADSEC / Administrador de Secuencia; CLI / Cliente; CON / Conductor; OP / Operador; PF / Proforma; PLAN / Planificador; PRO / Proveedor; REC / Recepcionista; RP / Reportes; nav / nav,ETAPA_LOG (CI+SC+ET); ver inventario operacional,True,True,,"['6', '27', '29', '7']",1
1,68,RECEPCION_PATIO_LF_CON_CALIDAD,Patio LF con Calidad,RECEPCION,1,492,123,PROGRAMADO EN PATIO RACV2,PROGRAMADO EN PATIO RACV2,ADCON / Administrador de Conductor; ADET / Administrador de Etapa; ADSEC / Administrador de Secuencia; CLI / Cliente; CON / Conductor; OP / Operador; PF / Proforma; PLAN / Planificador; PRO / Proveedor; REC / Recepcionista; RP / Reportes; nav / nav,ETAPA_LOG (CI+SC+ET); ver inventario operacional,True,True,,"['27', '6', '29', '1857', '7']",1
1,68,RECEPCION_PATIO_LF_CON_CALIDAD,Patio LF con Calidad,RECEPCION,2,493,126,PESAJE FULL RACV2,PESAJE FULL RACV2,OP / Operador; REC / Recepcionista,ETAPA_LOG (CI+SC+ET); ver inventario operacional,True,True,,"['15', '14', '1831', '12']",1
1,68,RECEPCION_PATIO_LF_CON_CALIDAD,Patio LF con Calidad,RECEPCION,3,494,127,EN DESCARGA RACV2,EN DESCARGA RACV2,PLAN / Planificador; PRO / Proveedor,ETAPA_LOG (CI+SC+ET); ver inventario operacional,True,True,,"['1832', '111']",1
1,68,RECEPCION_PATIO_LF_CON_CALIDAD,Patio LF con Calidad,RECEPCION,4,495,128,PESAJE VACIO RACV2,PESAJE VACIO RACV2,OP / Operador; REC / Recepcionista,ETAPA_LOG (CI+SC+ET); ver inventario operacional,True,True,,"['15', '14', '1831', '12']",1
1,68,RECEPCION_PATIO_LF_CON_CALIDAD,Patio LF con Calidad,RECEPCION,5,496,129,SECUENCIA TERMINADA RACV2,SECUENCIA TERMINADA RACV2,ADCON / Administrador de Conductor; ADET / Administrador de Etapa; ADSEC / Administrador de Secuencia; CLI / Cliente; CON / Conductor; OP / Operador; PF / Proforma; PLAN / Planificador; PRO / Proveedor; REC / Recepcionista; RP / Reportes; nav / nav,ETAPA_LOG (CI+SC+ET); ver inventario operacional,True,True,,"['6', '27', '29', '7']",1
1,68,RECEPCION_PATIO_LF_CON_CALIDAD,Patio LF con Calidad,RECEPCION,6,497,191,ANULACION DE OPERACION RACV3,ANULACION DE OPERACION RACV3,AD / Administrador del Sistema; ADET / Administrador de Etapa; ADSEC / Administrador de Secuencia; CLI / Cliente; CON / Conductor; OP / Operador; PF / Proforma; PLAN / Planificador; PRO / Proveedor; REC / Recepcionista; RP / Reportes; nav / nav,ETAPA_LOG (CI+SC+ET); ver inventario operacional,True,True,,['1'],1
1,69,RECEPCION_PATIO_LF_SIN_CALIDAD,Patio LF sin Calidad,RECEPCION,1,498,89,PROGRAMADO EN PATIO ( REC AC ),PROGRAMADO EN PATIO ( REC AC ),ADCON / Administrador de Conductor; ADET / Administrador de Etapa; ADSEC / Administrador de Secuencia; CLI / Cliente; CON / Conductor; OP / Operador; PF / Proforma; PLAN / Planificador; PRO / Proveedor; REC / Recepcionista; RP / Reportes; nav / nav,ETAPA_LOG (CI+SC+ET); ver inventario operacional,True,True,,"['6', '7', '29', '31', '27']",1
1,69,RECEPCION_PATIO_LF_SIN_CALIDAD,Patio LF sin Calidad,RECEPCION,2,499,38,PESAJE FULL REC AC,PESAJE FULL REC AC,OP / Operador; REC / Recepcionista,ETAPA_LOG (CI+SC+ET); ver inventario operacional,True,True,,"['15', '14', '1831', '12']",1
1,69,RECEPCION_PATIO_LF_SIN_CALIDAD,Patio LF sin Calidad,RECEPCION,3,500,77,EN DESCARGA REC AC,EN DESCARGA REC AC,OP / Operador; PLAN / Planificador; PRO / Proveedor; REC / Recepcionista,ETAPA_LOG (CI+SC+ET); ver inventario operacional,True,True,,"['1832', '28', '111', '1282']",1
1,69,RECEPCION_PATIO_LF_SIN_CALIDAD,Patio LF sin Calidad,RECEPCION,4,501,39,PESAJE VACIO REC AC,PESAJE VACIO REC AC,OP / Operador; REC / Recepcionista,ETAPA_LOG (CI+SC+ET); ver inventario operacional,True,True,,"['37', '15', '14', '1831', '12']",1
1,69,RECEPCION_PATIO_LF_SIN_CALIDAD,Patio LF sin Calidad,RECEPCION,5,502,91,SECUENCIA TERMINADA,SECUENCIA TERMINADA,ADCON / Administrador de Conductor; ADET / Administrador de Etapa; ADSEC / Administrador de Secuencia; CLI / Cliente; CON / Conductor; OP / Operador; PF / Proforma; PLAN / Planificador; PRO / Proveedor; REC / Recepcionista; RP / Reportes; nav / nav,ETAPA_LOG (CI+SC+ET); ver inventario operacional,True,True,,"['6', '7', '29', '31', '27']",1
1,69,RECEPCION_PATIO_LF_SIN_CALIDAD,Patio LF sin Calidad,RECEPCION,6,503,195,ANULACION DE OPERACION R AC PISO,ANULACION DE OPERACION R AC PISO,AD / Administrador del Sistema; ADET / Administrador de Etapa; ADSEC / Administrador de Secuencia; CLI / Cliente; CON / Conductor; OP / Operador; PF / Proforma; PLAN / Planificador; PRO / Proveedor; REC / Recepcionista; RP / Reportes; nav / nav,ETAPA_LOG (CI+SC+ET); ver inventario operacional,True,True,,['1'],1
1,70,EST_SBH_CLIENTE,Despacho desde Estanque SBH,DESPACHO,1,504,234,DESPACHO_PROGRAMADO,Despacho Programado,Sin perfil vinculado al detalle; ver pasos operacionales,ETAPA_LOG (CI+SC+ET); ver inventario operacional,True,True,,,1
1,70,EST_SBH_CLIENTE,Despacho desde Estanque SBH,DESPACHO,2,505,235,INGRESO_PLANTA,Ingreso Planta,Sin perfil vinculado al detalle; ver pasos operacionales,ETAPA_LOG (CI+SC+ET); ver inventario operacional,True,True,,,1
1,70,EST_SBH_CLIENTE,Despacho desde Estanque SBH,DESPACHO,3,506,236,AUTORIZACION_INGRESO,Autorización Ingreso,Sin perfil vinculado al detalle; ver pasos operacionales,ETAPA_LOG (CI+SC+ET); ver inventario operacional,True,True,,,1
1,70,EST_SBH_CLIENTE,Despacho desde Estanque SBH,DESPACHO,4,507,237,ENVIA_A_ROMANA_INICIO_CICLO,Envía a Romana Inicio Ciclo,Sin perfil vinculado al detalle; ver pasos operacionales,ETAPA_LOG (CI+SC+ET); ver inventario operacional,True,False,2026-08-03 15:15:58.693032+00:00,,1
1,70,EST_SBH_CLIENTE,Despacho desde Estanque SBH,DESPACHO,4,563,252,ENVIARA_A_ROMANA_INICIO_CICLO,Enviará a Romana Inicio Ciclo,Sin perfil vinculado al detalle; ver pasos operacionales,ETAPA_LOG (CI+SC+ET); ver inventario operacional,True,True,,,1
1,70,EST_SBH_CLIENTE,Despacho desde Estanque SBH,DESPACHO,5,508,238,INICIO_CARGA,Inicio Carga,Sin perfil vinculado al detalle; ver pasos operacionales,ETAPA_LOG (CI+SC+ET); ver inventario operacional,True,True,,,1
1,70,EST_SBH_CLIENTE,Despacho desde Estanque SBH,DESPACHO,6,509,239,PESAJE_ROMANA,Pesaje Romana,Sin perfil vinculado al detalle; ver pasos operacionales,ETAPA_LOG (CI+SC+ET); ver inventario operacional,True,True,,,1
1,70,EST_SBH_CLIENTE,Despacho desde Estanque SBH,DESPACHO,7,510,240,CIERRE_PROCESO_DE_CARGA,Cierre Proceso de Carga,Sin perfil vinculado al detalle; ver pasos operacionales,ETAPA_LOG (CI+SC+ET); ver inventario operacional,True,True,,,1
1,70,EST_SBH_CLIENTE,Despacho desde Estanque SBH,DESPACHO,8,511,241,EMISION_GUIA_FACTURA,Emisión Guía / Factura,Sin perfil vinculado al detalle; ver pasos operacionales,ETAPA_LOG (CI+SC+ET); ver inventario operacional,True,True,,,1
1,70,EST_SBH_CLIENTE,Despacho desde Estanque SBH,DESPACHO,9,512,242,AUTORIZACION_SALIDA,Autorización Salida,Sin perfil vinculado al detalle; ver pasos operacionales,ETAPA_LOG (CI+SC+ET); ver inventario operacional,True,True,,,1
1,70,EST_SBH_CLIENTE,Despacho desde Estanque SBH,DESPACHO,10,513,243,CONFIRMAR_SALIDA,Confirmar Salida,Sin perfil vinculado al detalle; ver pasos operacionales,ETAPA_LOG (CI+SC+ET); ver inventario operacional,True,True,,,1
1,71,BODEGA_EXTERNA_CLIENTE,Despacho desde Bodega Externa,DESPACHO,1,514,234,DESPACHO_PROGRAMADO,Despacho Programado,Sin perfil vinculado al detalle; ver pasos operacionales,ETAPA_LOG (CI+SC+ET); ver inventario operacional,True,True,,,1
1,71,BODEGA_EXTERNA_CLIENTE,Despacho desde Bodega Externa,DESPACHO,2,515,235,INGRESO_PLANTA,Ingreso Planta,Sin perfil vinculado al detalle; ver pasos operacionales,ETAPA_LOG (CI+SC+ET); ver inventario operacional,True,True,,,1
1,71,BODEGA_EXTERNA_CLIENTE,Despacho desde Bodega Externa,DESPACHO,3,516,236,AUTORIZACION_INGRESO,Autorización Ingreso,Sin perfil vinculado al detalle; ver pasos operacionales,ETAPA_LOG (CI+SC+ET); ver inventario operacional,True,True,,,1
1,71,BODEGA_EXTERNA_CLIENTE,Despacho desde Bodega Externa,DESPACHO,4,517,237,ENVIA_A_ROMANA_INICIO_CICLO,Envía a Romana Inicio Ciclo,Sin perfil vinculado al detalle; ver pasos operacionales,ETAPA_LOG (CI+SC+ET); ver inventario operacional,True,False,2026-08-03 15:15:58.707133+00:00,,1
1,71,BODEGA_EXTERNA_CLIENTE,Despacho desde Bodega Externa,DESPACHO,4,564,252,ENVIARA_A_ROMANA_INICIO_CICLO,Enviará a Romana Inicio Ciclo,Sin perfil vinculado al detalle; ver pasos operacionales,ETAPA_LOG (CI+SC+ET); ver inventario operacional,True,True,,,1
1,71,BODEGA_EXTERNA_CLIENTE,Despacho desde Bodega Externa,DESPACHO,5,518,244,INICIO_CARGA_BODEGA_EXTERNA,Inicio Carga Bodega Externa,Sin perfil vinculado al detalle; ver pasos operacionales,ETAPA_LOG (CI+SC+ET); ver inventario operacional,True,True,,,1
1,71,BODEGA_EXTERNA_CLIENTE,Despacho desde Bodega Externa,DESPACHO,6,519,240,CIERRE_PROCESO_DE_CARGA,Cierre Proceso de Carga,Sin perfil vinculado al detalle; ver pasos operacionales,ETAPA_LOG (CI+SC+ET); ver inventario operacional,True,True,,,1
1,71,BODEGA_EXTERNA_CLIENTE,Despacho desde Bodega Externa,DESPACHO,7,520,241,EMISION_GUIA_FACTURA,Emisión Guía / Factura,Sin perfil vinculado al detalle; ver pasos operacionales,ETAPA_LOG (CI+SC+ET); ver inventario operacional,True,True,,,1
1,71,BODEGA_EXTERNA_CLIENTE,Despacho desde Bodega Externa,DESPACHO,8,521,242,AUTORIZACION_SALIDA,Autorización Salida,Sin perfil vinculado al detalle; ver pasos operacionales,ETAPA_LOG (CI+SC+ET); ver inventario operacional,True,True,,,1
1,71,BODEGA_EXTERNA_CLIENTE,Despacho desde Bodega Externa,DESPACHO,9,522,243,CONFIRMAR_SALIDA,Confirmar Salida,Sin perfil vinculado al detalle; ver pasos operacionales,ETAPA_LOG (CI+SC+ET); ver inventario operacional,True,True,,,1
1,72,TRASVASIJE_CLIENTE,Despacho por Trasvasije,DESPACHO,1,523,234,DESPACHO_PROGRAMADO,Despacho Programado,Sin perfil vinculado al detalle; ver pasos operacionales,ETAPA_LOG (CI+SC+ET); ver inventario operacional,True,True,,,1
1,72,TRASVASIJE_CLIENTE,Despacho por Trasvasije,DESPACHO,2,524,235,INGRESO_PLANTA,Ingreso Planta,Sin perfil vinculado al detalle; ver pasos operacionales,ETAPA_LOG (CI+SC+ET); ver inventario operacional,True,True,,,1
1,72,TRASVASIJE_CLIENTE,Despacho por Trasvasije,DESPACHO,3,525,236,AUTORIZACION_INGRESO,Autorización Ingreso,Sin perfil vinculado al detalle; ver pasos operacionales,ETAPA_LOG (CI+SC+ET); ver inventario operacional,True,True,,,1
1,72,TRASVASIJE_CLIENTE,Despacho por Trasvasije,DESPACHO,4,526,237,ENVIA_A_ROMANA_INICIO_CICLO,Envía a Romana Inicio Ciclo,Sin perfil vinculado al detalle; ver pasos operacionales,ETAPA_LOG (CI+SC+ET); ver inventario operacional,True,False,2026-08-03 15:15:58.722667+00:00,,1
1,72,TRASVASIJE_CLIENTE,Despacho por Trasvasije,DESPACHO,4,565,252,ENVIARA_A_ROMANA_INICIO_CICLO,Enviará a Romana Inicio Ciclo,Sin perfil vinculado al detalle; ver pasos operacionales,ETAPA_LOG (CI+SC+ET); ver inventario operacional,True,True,,,1
1,72,TRASVASIJE_CLIENTE,Despacho por Trasvasije,DESPACHO,5,527,245,INICIO_CARGA_DESPACHO_CISTERNA,Inicio Carga / Despacho Cisterna,Sin perfil vinculado al detalle; ver pasos operacionales,ETAPA_LOG (CI+SC+ET); ver inventario operacional,True,True,,,1
1,72,TRASVASIJE_CLIENTE,Despacho por Trasvasije,DESPACHO,6,528,239,PESAJE_ROMANA,Pesaje Romana,Sin perfil vinculado al detalle; ver pasos operacionales,ETAPA_LOG (CI+SC+ET); ver inventario operacional,True,True,,,1
1,72,TRASVASIJE_CLIENTE,Despacho por Trasvasije,DESPACHO,7,529,240,CIERRE_PROCESO_DE_CARGA,Cierre Proceso de Carga,Sin perfil vinculado al detalle; ver pasos operacionales,ETAPA_LOG (CI+SC+ET); ver inventario operacional,True,True,,,1
1,72,TRASVASIJE_CLIENTE,Despacho por Trasvasije,DESPACHO,8,530,241,EMISION_GUIA_FACTURA,Emisión Guía / Factura,Sin perfil vinculado al detalle; ver pasos operacionales,ETAPA_LOG (CI+SC+ET); ver inventario operacional,True,True,,,1
1,72,TRASVASIJE_CLIENTE,Despacho por Trasvasije,DESPACHO,9,531,242,AUTORIZACION_SALIDA,Autorización Salida,Sin perfil vinculado al detalle; ver pasos operacionales,ETAPA_LOG (CI+SC+ET); ver inventario operacional,True,True,,,1
1,72,TRASVASIJE_CLIENTE,Despacho por Trasvasije,DESPACHO,10,532,243,CONFIRMAR_SALIDA,Confirmar Salida,Sin perfil vinculado al detalle; ver pasos operacionales,ETAPA_LOG (CI+SC+ET); ver inventario operacional,True,True,,,1
1,73,BODEGA_PATIO_CLIENTE,Despacho desde Patio,DESPACHO,1,533,234,DESPACHO_PROGRAMADO,Despacho Programado,Sin perfil vinculado al detalle; ver pasos operacionales,ETAPA_LOG (CI+SC+ET); ver inventario operacional,True,True,,,1
1,73,BODEGA_PATIO_CLIENTE,Despacho desde Patio,DESPACHO,2,534,235,INGRESO_PLANTA,Ingreso Planta,Sin perfil vinculado al detalle; ver pasos operacionales,ETAPA_LOG (CI+SC+ET); ver inventario operacional,True,True,,,1
1,73,BODEGA_PATIO_CLIENTE,Despacho desde Patio,DESPACHO,3,535,236,AUTORIZACION_INGRESO,Autorización Ingreso,Sin perfil vinculado al detalle; ver pasos operacionales,ETAPA_LOG (CI+SC+ET); ver inventario operacional,True,True,,,1
1,73,BODEGA_PATIO_CLIENTE,Despacho desde Patio,DESPACHO,4,536,237,ENVIA_A_ROMANA_INICIO_CICLO,Envía a Romana Inicio Ciclo,Sin perfil vinculado al detalle; ver pasos operacionales,ETAPA_LOG (CI+SC+ET); ver inventario operacional,True,False,2026-08-03 15:15:58.738756+00:00,,1
1,73,BODEGA_PATIO_CLIENTE,Despacho desde Patio,DESPACHO,4,566,252,ENVIARA_A_ROMANA_INICIO_CICLO,Enviará a Romana Inicio Ciclo,Sin perfil vinculado al detalle; ver pasos operacionales,ETAPA_LOG (CI+SC+ET); ver inventario operacional,True,True,,,1
1,73,BODEGA_PATIO_CLIENTE,Despacho desde Patio,DESPACHO,5,537,246,INICIO_CARGA_PATIO,Inicio Carga Patio,Sin perfil vinculado al detalle; ver pasos operacionales,ETAPA_LOG (CI+SC+ET); ver inventario operacional,True,True,,,1
1,73,BODEGA_PATIO_CLIENTE,Despacho desde Patio,DESPACHO,6,538,239,PESAJE_ROMANA,Pesaje Romana,Sin perfil vinculado al detalle; ver pasos operacionales,ETAPA_LOG (CI+SC+ET); ver inventario operacional,True,True,,,1
1,73,BODEGA_PATIO_CLIENTE,Despacho desde Patio,DESPACHO,7,539,240,CIERRE_PROCESO_DE_CARGA,Cierre Proceso de Carga,Sin perfil vinculado al detalle; ver pasos operacionales,ETAPA_LOG (CI+SC+ET); ver inventario operacional,True,True,,,1
1,73,BODEGA_PATIO_CLIENTE,Despacho desde Patio,DESPACHO,8,540,241,EMISION_GUIA_FACTURA,Emisión Guía / Factura,Sin perfil vinculado al detalle; ver pasos operacionales,ETAPA_LOG (CI+SC+ET); ver inventario operacional,True,True,,,1
1,73,BODEGA_PATIO_CLIENTE,Despacho desde Patio,DESPACHO,9,541,242,AUTORIZACION_SALIDA,Autorización Salida,Sin perfil vinculado al detalle; ver pasos operacionales,ETAPA_LOG (CI+SC+ET); ver inventario operacional,True,True,,,1
1,73,BODEGA_PATIO_CLIENTE,Despacho desde Patio,DESPACHO,10,542,243,CONFIRMAR_SALIDA,Confirmar Salida,Sin perfil vinculado al detalle; ver pasos operacionales,ETAPA_LOG (CI+SC+ET); ver inventario operacional,True,True,,,1
1,74,RECEPCION_TERRAMAR,Recepción Terramar,RECEPCION,1,586,254,REC_TER_PLANIFICACION,Planificación,PLAN / Planificador,ETAPA_LOG (CI+SC+ET); ver inventario operacional,True,True,,['1889'],1
1,74,RECEPCION_TERRAMAR,Recepción Terramar,RECEPCION,2,573,255,REC_TER_AUTORIZACION_PATIO,Autorización Ingreso a Patio,Sin perfil vinculado al detalle; ver pasos operacionales,ETAPA_LOG (CI+SC+ET); ver inventario operacional,True,True,,['1880'],1
1,74,RECEPCION_TERRAMAR,Recepción Terramar,RECEPCION,3,584,256,REC_TER_VALIDACION_DOCUMENTOS,Validación Documentos,ASISTENTE_RECEPCION / Asistente de Recepción,ETAPA_LOG (CI+SC+ET); ver inventario operacional,True,True,,['1881'],1
1,74,RECEPCION_TERRAMAR,Recepción Terramar,RECEPCION,4,587,257,REC_TER_SOLICITUD_INGRESO_PLANTA,Solicitud de ingreso a planta,ASISTENTE_RECEPCION / Asistente de Recepción,ETAPA_LOG (CI+SC+ET); ver inventario operacional,True,True,,['1881'],1
1,74,RECEPCION_TERRAMAR,Recepción Terramar,RECEPCION,5,568,258,REC_TER_AUTORIZACION_SALIDA_PATIO,Verificación y autorización salida Patio camiones,Sin perfil vinculado al detalle; ver pasos operacionales,ETAPA_LOG (CI+SC+ET); ver inventario operacional,True,True,,['1880'],1
1,74,RECEPCION_TERRAMAR,Recepción Terramar,RECEPCION,6,588,259,REC_TER_AUTORIZACION_INGRESO_PLANTA,Autorización Ingreso a Planta,Sin perfil vinculado al detalle; ver pasos operacionales,ETAPA_LOG (CI+SC+ET); ver inventario operacional,True,True,,['1882'],1
1,74,RECEPCION_TERRAMAR,Recepción Terramar,RECEPCION,7,581,260,REC_TER_PESAJE_ENTRADA,Pesaje Entrada,OP / Operador; REC / Recepcionista,ETAPA_LOG (CI+SC+ET); ver inventario operacional,True,True,,['1884'],1
1,74,RECEPCION_TERRAMAR,Recepción Terramar,RECEPCION,8,590,261,REC_TER_CICLO_DESCARGA,Ciclo Descarga,Sin perfil vinculado al detalle; ver pasos operacionales,ETAPA_LOG (CI+SC+ET); ver inventario operacional,True,True,,['1886'],1
1,74,RECEPCION_TERRAMAR,Recepción Terramar,RECEPCION,9,579,262,REC_TER_PESAJE_SALIDA,Pesaje Salida,OP / Operador; REC / Recepcionista,ETAPA_LOG (CI+SC+ET); ver inventario operacional,True,True,,['1884'],1
1,74,RECEPCION_TERRAMAR,Recepción Terramar,RECEPCION,10,572,263,REC_TER_DOCUMENTACION,Documentación,ASISTENTE_RECEPCION / Asistente de Recepción,ETAPA_LOG (CI+SC+ET); ver inventario operacional,True,True,,['1881'],1
1,74,RECEPCION_TERRAMAR,Recepción Terramar,RECEPCION,11,575,264,REC_TER_AUTORIZAR_SALIDA,Autorizar Salida,ASISTENTE_RECEPCION / Asistente de Recepción,ETAPA_LOG (CI+SC+ET); ver inventario operacional,True,True,,['1881'],1
1,74,RECEPCION_TERRAMAR,Recepción Terramar,RECEPCION,12,571,265,REC_TER_CONFIRMAR_SALIDA,Confirmar Salida,Sin perfil vinculado al detalle; ver pasos operacionales,ETAPA_LOG (CI+SC+ET); ver inventario operacional,True,True,,['1883'],1
1,75,RECEPCION_TERRAMAR_BODEGA_EXTERNA,Recepción Bodega Externa,RECEPCION,1,577,254,REC_TER_PLANIFICACION,Planificación,PLAN / Planificador,ETAPA_LOG (CI+SC+ET); ver inventario operacional,True,True,,['1889'],1
1,75,RECEPCION_TERRAMAR_BODEGA_EXTERNA,Recepción Bodega Externa,RECEPCION,2,580,255,REC_TER_AUTORIZACION_PATIO,Autorización Ingreso a Patio,Sin perfil vinculado al detalle; ver pasos operacionales,ETAPA_LOG (CI+SC+ET); ver inventario operacional,True,True,,['1880'],1
1,75,RECEPCION_TERRAMAR_BODEGA_EXTERNA,Recepción Bodega Externa,RECEPCION,3,576,256,REC_TER_VALIDACION_DOCUMENTOS,Validación Documentos,ASISTENTE_RECEPCION / Asistente de Recepción,ETAPA_LOG (CI+SC+ET); ver inventario operacional,True,True,,['1881'],1
1,75,RECEPCION_TERRAMAR_BODEGA_EXTERNA,Recepción Bodega Externa,RECEPCION,4,578,257,REC_TER_SOLICITUD_INGRESO_PLANTA,Solicitud de ingreso a planta,ASISTENTE_RECEPCION / Asistente de Recepción,ETAPA_LOG (CI+SC+ET); ver inventario operacional,True,True,,['1881'],1
1,75,RECEPCION_TERRAMAR_BODEGA_EXTERNA,Recepción Bodega Externa,RECEPCION,5,589,258,REC_TER_AUTORIZACION_SALIDA_PATIO,Verificación y autorización salida Patio camiones,Sin perfil vinculado al detalle; ver pasos operacionales,ETAPA_LOG (CI+SC+ET); ver inventario operacional,True,True,,['1880'],1
1,75,RECEPCION_TERRAMAR_BODEGA_EXTERNA,Recepción Bodega Externa,RECEPCION,6,567,259,REC_TER_AUTORIZACION_INGRESO_PLANTA,Autorización Ingreso a Planta,Sin perfil vinculado al detalle; ver pasos operacionales,ETAPA_LOG (CI+SC+ET); ver inventario operacional,True,True,,['1882'],1
1,75,RECEPCION_TERRAMAR_BODEGA_EXTERNA,Recepción Bodega Externa,RECEPCION,7,570,260,REC_TER_PESAJE_ENTRADA,Pesaje Entrada,OP / Operador; REC / Recepcionista,ETAPA_LOG (CI+SC+ET); ver inventario operacional,True,True,,['1884'],1
1,75,RECEPCION_TERRAMAR_BODEGA_EXTERNA,Recepción Bodega Externa,RECEPCION,8,569,261,REC_TER_CICLO_DESCARGA,Ciclo Descarga,Sin perfil vinculado al detalle; ver pasos operacionales,ETAPA_LOG (CI+SC+ET); ver inventario operacional,True,True,,['1886'],1
1,75,RECEPCION_TERRAMAR_BODEGA_EXTERNA,Recepción Bodega Externa,RECEPCION,9,574,262,REC_TER_PESAJE_SALIDA,Pesaje Salida,OP / Operador; REC / Recepcionista,ETAPA_LOG (CI+SC+ET); ver inventario operacional,True,True,,['1884'],1
1,75,RECEPCION_TERRAMAR_BODEGA_EXTERNA,Recepción Bodega Externa,RECEPCION,10,582,263,REC_TER_DOCUMENTACION,Documentación,ASISTENTE_RECEPCION / Asistente de Recepción,ETAPA_LOG (CI+SC+ET); ver inventario operacional,True,True,,['1881'],1
1,75,RECEPCION_TERRAMAR_BODEGA_EXTERNA,Recepción Bodega Externa,RECEPCION,11,585,264,REC_TER_AUTORIZAR_SALIDA,Autorizar Salida,ASISTENTE_RECEPCION / Asistente de Recepción,ETAPA_LOG (CI+SC+ET); ver inventario operacional,True,True,,['1881'],1
1,75,RECEPCION_TERRAMAR_BODEGA_EXTERNA,Recepción Bodega Externa,RECEPCION,12,583,265,REC_TER_CONFIRMAR_SALIDA,Confirmar Salida,Sin perfil vinculado al detalle; ver pasos operacionales,ETAPA_LOG (CI+SC+ET); ver inventario operacional,True,True,,['1883'],1
1,76,DESPACHO_TERRAMAR,Despacho Terramar,DESPACHO,1,591,234,DESPACHO_PROGRAMADO,Despacho Programado,Sin perfil vinculado al detalle; ver pasos operacionales,ETAPA_LOG (CI+SC+ET); ver inventario operacional,True,True,,,1
1,76,DESPACHO_TERRAMAR,Despacho Terramar,DESPACHO,2,592,235,INGRESO_PLANTA,Ingreso Planta,Sin perfil vinculado al detalle; ver pasos operacionales,ETAPA_LOG (CI+SC+ET); ver inventario operacional,True,True,,,1
1,76,DESPACHO_TERRAMAR,Despacho Terramar,DESPACHO,3,593,236,AUTORIZACION_INGRESO,Autorización Ingreso,Sin perfil vinculado al detalle; ver pasos operacionales,ETAPA_LOG (CI+SC+ET); ver inventario operacional,True,True,,,1
1,76,DESPACHO_TERRAMAR,Despacho Terramar,DESPACHO,4,594,266,ENVIAR_A_ROMANA_INICIO_CICLO,Enviar a Romana Inicio Ciclo,Sin perfil vinculado al detalle; ver pasos operacionales,ETAPA_LOG (CI+SC+ET); ver inventario operacional,True,True,,,1
1,76,DESPACHO_TERRAMAR,Despacho Terramar,DESPACHO,5,595,238,INICIO_CARGA,Inicio Carga,Sin perfil vinculado al detalle; ver pasos operacionales,ETAPA_LOG (CI+SC+ET); ver inventario operacional,True,True,,,1
1,76,DESPACHO_TERRAMAR,Despacho Terramar,DESPACHO,6,596,239,PESAJE_ROMANA,Pesaje Romana,Sin perfil vinculado al detalle; ver pasos operacionales,ETAPA_LOG (CI+SC+ET); ver inventario operacional,True,True,,,1
1,76,DESPACHO_TERRAMAR,Despacho Terramar,DESPACHO,7,597,240,CIERRE_PROCESO_DE_CARGA,Cierre Proceso de Carga,Sin perfil vinculado al detalle; ver pasos operacionales,ETAPA_LOG (CI+SC+ET); ver inventario operacional,True,True,,,1
1,76,DESPACHO_TERRAMAR,Despacho Terramar,DESPACHO,8,598,241,EMISION_GUIA_FACTURA,Emisión Guía / Factura,Sin perfil vinculado al detalle; ver pasos operacionales,ETAPA_LOG (CI+SC+ET); ver inventario operacional,True,True,,,1
1,76,DESPACHO_TERRAMAR,Despacho Terramar,DESPACHO,9,599,242,AUTORIZACION_SALIDA,Autorización Salida,Sin perfil vinculado al detalle; ver pasos operacionales,ETAPA_LOG (CI+SC+ET); ver inventario operacional,True,True,,,1
1,76,DESPACHO_TERRAMAR,Despacho Terramar,DESPACHO,10,600,243,CONFIRMAR_SALIDA,Confirmar Salida,Sin perfil vinculado al detalle; ver pasos operacionales,ETAPA_LOG (CI+SC+ET); ver inventario operacional,True,True,,,1
1,77,DESPACHO_TERRAMAR_BODEGA_EXTERNA,Despacho Bodega externa,DESPACHO,1,601,234,DESPACHO_PROGRAMADO,Despacho Programado,Sin perfil vinculado al detalle; ver pasos operacionales,ETAPA_LOG (CI+SC+ET); ver inventario operacional,True,True,,,1
1,77,DESPACHO_TERRAMAR_BODEGA_EXTERNA,Despacho Bodega externa,DESPACHO,2,602,235,INGRESO_PLANTA,Ingreso Planta,Sin perfil vinculado al detalle; ver pasos operacionales,ETAPA_LOG (CI+SC+ET); ver inventario operacional,True,True,,,1
1,77,DESPACHO_TERRAMAR_BODEGA_EXTERNA,Despacho Bodega externa,DESPACHO,3,603,236,AUTORIZACION_INGRESO,Autorización Ingreso,Sin perfil vinculado al detalle; ver pasos operacionales,ETAPA_LOG (CI+SC+ET); ver inventario operacional,True,True,,,1
1,77,DESPACHO_TERRAMAR_BODEGA_EXTERNA,Despacho Bodega externa,DESPACHO,4,604,266,ENVIAR_A_ROMANA_INICIO_CICLO,Enviar a Romana Inicio Ciclo,Sin perfil vinculado al detalle; ver pasos operacionales,ETAPA_LOG (CI+SC+ET); ver inventario operacional,True,True,,,1
1,77,DESPACHO_TERRAMAR_BODEGA_EXTERNA,Despacho Bodega externa,DESPACHO,5,605,244,INICIO_CARGA_BODEGA_EXTERNA,Inicio Carga Bodega Externa,Sin perfil vinculado al detalle; ver pasos operacionales,ETAPA_LOG (CI+SC+ET); ver inventario operacional,True,True,,,1
1,77,DESPACHO_TERRAMAR_BODEGA_EXTERNA,Despacho Bodega externa,DESPACHO,6,606,240,CIERRE_PROCESO_DE_CARGA,Cierre Proceso de Carga,Sin perfil vinculado al detalle; ver pasos operacionales,ETAPA_LOG (CI+SC+ET); ver inventario operacional,True,True,,,1
1,77,DESPACHO_TERRAMAR_BODEGA_EXTERNA,Despacho Bodega externa,DESPACHO,7,607,241,EMISION_GUIA_FACTURA,Emisión Guía / Factura,Sin perfil vinculado al detalle; ver pasos operacionales,ETAPA_LOG (CI+SC+ET); ver inventario operacional,True,True,,,1
1,77,DESPACHO_TERRAMAR_BODEGA_EXTERNA,Despacho Bodega externa,DESPACHO,8,608,242,AUTORIZACION_SALIDA,Autorización Salida,Sin perfil vinculado al detalle; ver pasos operacionales,ETAPA_LOG (CI+SC+ET); ver inventario operacional,True,True,,,1
1,77,DESPACHO_TERRAMAR_BODEGA_EXTERNA,Despacho Bodega externa,DESPACHO,9,609,243,CONFIRMAR_SALIDA,Confirmar Salida,Sin perfil vinculado al detalle; ver pasos operacionales,ETAPA_LOG (CI+SC+ET); ver inventario operacional,True,True,,,1
2,78,RECEPCION_TRANSFERENCIA_SBH,Recepción de Transferencia SBH,RECEPCION,1,610,153,CAMION PROGRAMADO (RECP / EST ),CAMION PROGRAMADO (RECP / EST ),OP / Operador; PLAN / Planificador; REC / Recepcionista,ETAPA_LOG (CI+SC+ET); ver inventario operacional,True,True,,"['1832', '28']",1
2,78,RECEPCION_TRANSFERENCIA_SBH,Recepción de Transferencia SBH,RECEPCION,2,611,154,PESAJE CON ESTANQUE ( RECP / EST ),PESAJE CON ESTANQUE ( RECP / EST ),OP / Operador; REC / Recepcionista,ETAPA_LOG (CI+SC+ET); ver inventario operacional,True,True,,"['15', '14', '1831', '12']",1
2,78,RECEPCION_TRANSFERENCIA_SBH,Recepción de Transferencia SBH,RECEPCION,3,612,155,EN DESCARGA ( RECP / EST ),EN DESCARGA ( RECP / EST ),OP / Operador; PLAN / Planificador; REC / Recepcionista,ETAPA_LOG (CI+SC+ET); ver inventario operacional,True,True,,"['1832', '28']",1
2,78,RECEPCION_TRANSFERENCIA_SBH,Recepción de Transferencia SBH,RECEPCION,4,613,156,PESAJE TRACTO (RECP / EST ),PESAJE TRACTO (RECP / EST ),OP / Operador; REC / Recepcionista,ETAPA_LOG (CI+SC+ET); ver inventario operacional,True,True,,"['15', '14', '1831', '12']",1
2,78,RECEPCION_TRANSFERENCIA_SBH,Recepción de Transferencia SBH,RECEPCION,5,614,157,SECUENCIA TERMINADA ( RECP / EST ),SECUENCIA TERMINADA ( RECP / EST ),ADET / Administrador de Etapa; OP / Operador; REC / Recepcionista,ETAPA_LOG (CI+SC+ET); ver inventario operacional,True,True,,"['46', '41', '52', '49']",1
1,79,RECEPCION_TRANSFERENCIA_SBH,Recepción de Transferencia SBH,RECEPCION,1,615,153,CAMION PROGRAMADO (RECP / EST ),CAMION PROGRAMADO (RECP / EST ),OP / Operador; PLAN / Planificador; REC / Recepcionista,ETAPA_LOG (CI+SC+ET); ver inventario operacional,True,True,,"['1832', '28']",1
1,79,RECEPCION_TRANSFERENCIA_SBH,Recepción de Transferencia SBH,RECEPCION,2,616,154,PESAJE CON ESTANQUE ( RECP / EST ),PESAJE CON ESTANQUE ( RECP / EST ),OP / Operador; REC / Recepcionista,ETAPA_LOG (CI+SC+ET); ver inventario operacional,True,True,,"['15', '14', '1831', '12']",1
1,79,RECEPCION_TRANSFERENCIA_SBH,Recepción de Transferencia SBH,RECEPCION,3,617,155,EN DESCARGA ( RECP / EST ),EN DESCARGA ( RECP / EST ),OP / Operador; PLAN / Planificador; REC / Recepcionista,ETAPA_LOG (CI+SC+ET); ver inventario operacional,True,True,,"['1832', '28']",1
1,79,RECEPCION_TRANSFERENCIA_SBH,Recepción de Transferencia SBH,RECEPCION,4,618,156,PESAJE TRACTO (RECP / EST ),PESAJE TRACTO (RECP / EST ),OP / Operador; REC / Recepcionista,ETAPA_LOG (CI+SC+ET); ver inventario operacional,True,True,,"['15', '14', '1831', '12']",1
1,79,RECEPCION_TRANSFERENCIA_SBH,Recepción de Transferencia SBH,RECEPCION,5,619,157,SECUENCIA TERMINADA ( RECP / EST ),SECUENCIA TERMINADA ( RECP / EST ),ADET / Administrador de Etapa; OP / Operador; REC / Recepcionista,ETAPA_LOG (CI+SC+ET); ver inventario operacional,True,True,,"['46', '41', '52', '49']",1
2,80,RECEPCION_PROSESA_PISO_1,Prosesa - Contenedor a Piso 1,RECEPCION,1,620,123,PROGRAMADO EN PATIO RACV2,PROGRAMADO EN PATIO RACV2,ADCON / Administrador de Conductor; ADET / Administrador de Etapa; ADSEC / Administrador de Secuencia; CLI / Cliente; CON / Conductor; OP / Operador; PF / Proforma; PLAN / Planificador; PRO / Proveedor; REC / Recepcionista; RP / Reportes; nav / nav,ETAPA_LOG (CI+SC+ET); ver inventario operacional,True,True,,"['27', '6', '29', '1857', '7']",1
2,80,RECEPCION_PROSESA_PISO_1,Prosesa - Contenedor a Piso 1,RECEPCION,2,621,126,PESAJE FULL RACV2,PESAJE FULL RACV2,OP / Operador; REC / Recepcionista,ETAPA_LOG (CI+SC+ET); ver inventario operacional,True,True,,"['15', '14', '1831', '12']",1
2,80,RECEPCION_PROSESA_PISO_1,Prosesa - Contenedor a Piso 1,RECEPCION,3,622,127,EN DESCARGA RACV2,EN DESCARGA RACV2,PLAN / Planificador; PRO / Proveedor,ETAPA_LOG (CI+SC+ET); ver inventario operacional,True,True,,"['1832', '111']",1
2,80,RECEPCION_PROSESA_PISO_1,Prosesa - Contenedor a Piso 1,RECEPCION,4,623,128,PESAJE VACIO RACV2,PESAJE VACIO RACV2,OP / Operador; REC / Recepcionista,ETAPA_LOG (CI+SC+ET); ver inventario operacional,True,True,,"['15', '14', '1831', '12']",1
2,80,RECEPCION_PROSESA_PISO_1,Prosesa - Contenedor a Piso 1,RECEPCION,5,624,129,SECUENCIA TERMINADA RACV2,SECUENCIA TERMINADA RACV2,ADCON / Administrador de Conductor; ADET / Administrador de Etapa; ADSEC / Administrador de Secuencia; CLI / Cliente; CON / Conductor; OP / Operador; PF / Proforma; PLAN / Planificador; PRO / Proveedor; REC / Recepcionista; RP / Reportes; nav / nav,ETAPA_LOG (CI+SC+ET); ver inventario operacional,True,True,,"['6', '27', '29', '7']",1
2,80,RECEPCION_PROSESA_PISO_1,Prosesa - Contenedor a Piso 1,RECEPCION,6,625,191,ANULACION DE OPERACION RACV3,ANULACION DE OPERACION RACV3,AD / Administrador del Sistema; ADET / Administrador de Etapa; ADSEC / Administrador de Secuencia; CLI / Cliente; CON / Conductor; OP / Operador; PF / Proforma; PLAN / Planificador; PRO / Proveedor; REC / Recepcionista; RP / Reportes; nav / nav,ETAPA_LOG (CI+SC+ET); ver inventario operacional,True,True,,['1'],1
2,81,RECEPCION_PROSESA_PISO_2,Prosesa - Contenedor a Piso 2,RECEPCION,1,626,123,PROGRAMADO EN PATIO RACV2,PROGRAMADO EN PATIO RACV2,ADCON / Administrador de Conductor; ADET / Administrador de Etapa; ADSEC / Administrador de Secuencia; CLI / Cliente; CON / Conductor; OP / Operador; PF / Proforma; PLAN / Planificador; PRO / Proveedor; REC / Recepcionista; RP / Reportes; nav / nav,ETAPA_LOG (CI+SC+ET); ver inventario operacional,True,True,,"['27', '6', '29', '1857', '7']",1
2,81,RECEPCION_PROSESA_PISO_2,Prosesa - Contenedor a Piso 2,RECEPCION,2,627,126,PESAJE FULL RACV2,PESAJE FULL RACV2,OP / Operador; REC / Recepcionista,ETAPA_LOG (CI+SC+ET); ver inventario operacional,True,True,,"['15', '14', '1831', '12']",1
2,81,RECEPCION_PROSESA_PISO_2,Prosesa - Contenedor a Piso 2,RECEPCION,3,628,127,EN DESCARGA RACV2,EN DESCARGA RACV2,PLAN / Planificador; PRO / Proveedor,ETAPA_LOG (CI+SC+ET); ver inventario operacional,True,True,,"['1832', '111']",1
2,81,RECEPCION_PROSESA_PISO_2,Prosesa - Contenedor a Piso 2,RECEPCION,4,629,128,PESAJE VACIO RACV2,PESAJE VACIO RACV2,OP / Operador; REC / Recepcionista,ETAPA_LOG (CI+SC+ET); ver inventario operacional,True,True,,"['15', '14', '1831', '12']",1
2,81,RECEPCION_PROSESA_PISO_2,Prosesa - Contenedor a Piso 2,RECEPCION,5,630,129,SECUENCIA TERMINADA RACV2,SECUENCIA TERMINADA RACV2,ADCON / Administrador de Conductor; ADET / Administrador de Etapa; ADSEC / Administrador de Secuencia; CLI / Cliente; CON / Conductor; OP / Operador; PF / Proforma; PLAN / Planificador; PRO / Proveedor; REC / Recepcionista; RP / Reportes; nav / nav,ETAPA_LOG (CI+SC+ET); ver inventario operacional,True,True,,"['6', '27', '29', '7']",1
2,81,RECEPCION_PROSESA_PISO_2,Prosesa - Contenedor a Piso 2,RECEPCION,6,631,191,ANULACION DE OPERACION RACV3,ANULACION DE OPERACION RACV3,AD / Administrador del Sistema; ADET / Administrador de Etapa; ADSEC / Administrador de Secuencia; CLI / Cliente; CON / Conductor; OP / Operador; PF / Proforma; PLAN / Planificador; PRO / Proveedor; REC / Recepcionista; RP / Reportes; nav / nav,ETAPA_LOG (CI+SC+ET); ver inventario operacional,True,True,,['1'],1
2,82,RECEPCION_NEW_JERSEY_P1_CON_CALIDAD,Sector New Jersey - Contenedor a Piso con Calidad,RECEPCION,1,632,267,NJ_P1_CC_PROGRAMADO,Insumo Programado,Sin perfil vinculado al detalle; ver pasos operacionales,ETAPA_LOG (CI+SC+ET); ver inventario operacional,True,True,,,2
2,82,RECEPCION_NEW_JERSEY_P1_CON_CALIDAD,Sector New Jersey - Contenedor a Piso con Calidad,RECEPCION,2,633,268,NJ_P1_CC_PESAJE_ENTRADA,Pesaje Entrada,Sin perfil vinculado al detalle; ver pasos operacionales,ETAPA_LOG (CI+SC+ET); ver inventario operacional,True,True,,,2
2,82,RECEPCION_NEW_JERSEY_P1_CON_CALIDAD,Sector New Jersey - Contenedor a Piso con Calidad,RECEPCION,3,634,269,NJ_P1_CC_TOMA_MUESTRA,Toma de muestra,Sin perfil vinculado al detalle; ver pasos operacionales,ETAPA_LOG (CI+SC+ET); ver inventario operacional,True,True,,,2
2,82,RECEPCION_NEW_JERSEY_P1_CON_CALIDAD,Sector New Jersey - Contenedor a Piso con Calidad,RECEPCION,4,635,270,NJ_P1_CC_ANALISIS_CALIDAD,Analisis y calidad,Sin perfil vinculado al detalle; ver pasos operacionales,ETAPA_LOG (CI+SC+ET); ver inventario operacional,True,True,,,2
2,82,RECEPCION_NEW_JERSEY_P1_CON_CALIDAD,Sector New Jersey - Contenedor a Piso con Calidad,RECEPCION,5,636,271,NJ_P1_CC_RESULTADO_CALIDAD,Resultado Calidad,Sin perfil vinculado al detalle; ver pasos operacionales,ETAPA_LOG (CI+SC+ET); ver inventario operacional,True,True,,,2
2,82,RECEPCION_NEW_JERSEY_P1_CON_CALIDAD,Sector New Jersey - Contenedor a Piso con Calidad,RECEPCION,6,637,272,NJ_P1_CC_CICLO_DESCARGA,Ciclo Descarga,Sin perfil vinculado al detalle; ver pasos operacionales,ETAPA_LOG (CI+SC+ET); ver inventario operacional,True,True,,,2
2,82,RECEPCION_NEW_JERSEY_P1_CON_CALIDAD,Sector New Jersey - Contenedor a Piso con Calidad,RECEPCION,7,638,273,NJ_P1_CC_PESAJE_SALIDA,Pesaje Salida,Sin perfil vinculado al detalle; ver pasos operacionales,ETAPA_LOG (CI+SC+ET); ver inventario operacional,True,True,,,2
2,82,RECEPCION_NEW_JERSEY_P1_CON_CALIDAD,Sector New Jersey - Contenedor a Piso con Calidad,RECEPCION,8,639,274,NJ_P1_CC_BORRADOR_SAP,Borrador SAP,Sin perfil vinculado al detalle; ver pasos operacionales,ETAPA_LOG (CI+SC+ET); ver inventario operacional,True,True,,,2
2,82,RECEPCION_NEW_JERSEY_P1_CON_CALIDAD,Sector New Jersey - Contenedor a Piso con Calidad,RECEPCION,9,640,275,NJ_P1_CC_AUTORIZAR_SALIDA,Autorizar Salida,Sin perfil vinculado al detalle; ver pasos operacionales,ETAPA_LOG (CI+SC+ET); ver inventario operacional,True,True,,,2
2,82,RECEPCION_NEW_JERSEY_P1_CON_CALIDAD,Sector New Jersey - Contenedor a Piso con Calidad,RECEPCION,10,641,276,NJ_P1_CC_CONFIRMAR_SALIDA,Confirmar Salida,Sin perfil vinculado al detalle; ver pasos operacionales,ETAPA_LOG (CI+SC+ET); ver inventario operacional,True,True,,,2
2,83,RECEPCION_NEW_JERSEY_P1_SIN_CALIDAD,Sector New Jersey - Contenedor a Piso sin Calidad,RECEPCION,1,642,277,NJ_P1_SC_PROGRAMADO,Insumo Programado,Sin perfil vinculado al detalle; ver pasos operacionales,ETAPA_LOG (CI+SC+ET); ver inventario operacional,True,True,,,2
2,83,RECEPCION_NEW_JERSEY_P1_SIN_CALIDAD,Sector New Jersey - Contenedor a Piso sin Calidad,RECEPCION,2,643,278,NJ_P1_SC_PESAJE_ENTRADA,Pesaje Entrada,Sin perfil vinculado al detalle; ver pasos operacionales,ETAPA_LOG (CI+SC+ET); ver inventario operacional,True,True,,,2
2,83,RECEPCION_NEW_JERSEY_P1_SIN_CALIDAD,Sector New Jersey - Contenedor a Piso sin Calidad,RECEPCION,3,644,279,NJ_P1_SC_CICLO_DESCARGA,Ciclo Descarga,Sin perfil vinculado al detalle; ver pasos operacionales,ETAPA_LOG (CI+SC+ET); ver inventario operacional,True,True,,,2
2,83,RECEPCION_NEW_JERSEY_P1_SIN_CALIDAD,Sector New Jersey - Contenedor a Piso sin Calidad,RECEPCION,4,645,280,NJ_P1_SC_PESAJE_SALIDA,Pesaje Salida,Sin perfil vinculado al detalle; ver pasos operacionales,ETAPA_LOG (CI+SC+ET); ver inventario operacional,True,True,,,2
2,83,RECEPCION_NEW_JERSEY_P1_SIN_CALIDAD,Sector New Jersey - Contenedor a Piso sin Calidad,RECEPCION,5,646,281,NJ_P1_SC_BORRADOR_SAP,Borrador SAP,Sin perfil vinculado al detalle; ver pasos operacionales,ETAPA_LOG (CI+SC+ET); ver inventario operacional,True,True,,,2
2,83,RECEPCION_NEW_JERSEY_P1_SIN_CALIDAD,Sector New Jersey - Contenedor a Piso sin Calidad,RECEPCION,6,647,282,NJ_P1_SC_AUTORIZAR_SALIDA,Autorizar Salida,Sin perfil vinculado al detalle; ver pasos operacionales,ETAPA_LOG (CI+SC+ET); ver inventario operacional,True,True,,,2
2,83,RECEPCION_NEW_JERSEY_P1_SIN_CALIDAD,Sector New Jersey - Contenedor a Piso sin Calidad,RECEPCION,7,648,283,NJ_P1_SC_CONFIRMAR_SALIDA,Confirmar Salida,Sin perfil vinculado al detalle; ver pasos operacionales,ETAPA_LOG (CI+SC+ET); ver inventario operacional,True,True,,,2
2,84,RECEPCION_NEW_JERSEY_P2_OPERACION_INTERNA,Sector New Jersey - Proceso 2 Operación interna,RECEPCION,1,649,284,NJ_P2_PENDIENTE,Pendiente Proceso 2,Sin perfil vinculado al detalle; ver pasos operacionales,ETAPA_LOG (CI+SC+ET); ver inventario operacional,True,True,,,2
2,84,RECEPCION_NEW_JERSEY_P2_OPERACION_INTERNA,Sector New Jersey - Proceso 2 Operación interna,RECEPCION,2,650,294,NJ_P2_TOMA_MUESTRA,Toma de muestra,Sin perfil vinculado al detalle; ver pasos operacionales,ETAPA_LOG (CI+SC+ET); ver inventario operacional,True,True,,,2
2,84,RECEPCION_NEW_JERSEY_P2_OPERACION_INTERNA,Sector New Jersey - Proceso 2 Operación interna,RECEPCION,3,651,295,NJ_P2_CALIDAD,Calidad,Sin perfil vinculado al detalle; ver pasos operacionales,ETAPA_LOG (CI+SC+ET); ver inventario operacional,True,True,,,2
2,84,RECEPCION_NEW_JERSEY_P2_OPERACION_INTERNA,Sector New Jersey - Proceso 2 Operación interna,RECEPCION,4,652,296,NJ_P2_DESCARGA,Ciclo Descarga,Sin perfil vinculado al detalle; ver pasos operacionales,ETAPA_LOG (CI+SC+ET); ver inventario operacional,True,True,,,2
2,85,RECEPCION_NEW_JERSEY_P3_RETIRO_VACIO,Sector New Jersey - Proceso 3 Retiro vacío,RECEPCION,1,653,288,NJ_P3_PROGRAMADO,Retiro vacío programado,Sin perfil vinculado al detalle; ver pasos operacionales,ETAPA_LOG (CI+SC+ET); ver inventario operacional,True,True,,,2
2,85,RECEPCION_NEW_JERSEY_P3_RETIRO_VACIO,Sector New Jersey - Proceso 3 Retiro vacío,RECEPCION,2,654,289,NJ_P3_PESAJE_TARA,Pesaje tara camión,Sin perfil vinculado al detalle; ver pasos operacionales,ETAPA_LOG (CI+SC+ET); ver inventario operacional,True,True,,,2
2,85,RECEPCION_NEW_JERSEY_P3_RETIRO_VACIO,Sector New Jersey - Proceso 3 Retiro vacío,RECEPCION,3,655,290,NJ_P3_RETIRO_CONTENEDOR,Retiro contenedor vacío,Sin perfil vinculado al detalle; ver pasos operacionales,ETAPA_LOG (CI+SC+ET); ver inventario operacional,True,True,,,2
2,85,RECEPCION_NEW_JERSEY_P3_RETIRO_VACIO,Sector New Jersey - Proceso 3 Retiro vacío,RECEPCION,4,656,291,NJ_P3_PESAJE_CONTENEDOR,Pesaje camión y contenedor vacío,Sin perfil vinculado al detalle; ver pasos operacionales,ETAPA_LOG (CI+SC+ET); ver inventario operacional,True,True,,,2
2,85,RECEPCION_NEW_JERSEY_P3_RETIRO_VACIO,Sector New Jersey - Proceso 3 Retiro vacío,RECEPCION,5,657,292,NJ_P3_CONFIRMAR_SALIDA,Confirmar Salida,Sin perfil vinculado al detalle; ver pasos operacionales,ETAPA_LOG (CI+SC+ET); ver inventario operacional,True,True,,,2
1,86,RECEPCION_SERVICIO,Recepción Servicio,RECEPCION,1,658,297,RS_RECEPCION_CONFORME,Recepción Conforme,Sin perfil vinculado al detalle; ver pasos operacionales,ETAPA_LOG (CI+SC+ET); ver inventario operacional,True,True,,,1
1,86,RECEPCION_SERVICIO,Recepción Servicio,RECEPCION,2,659,298,RS_CONFIRMAR_SALIDA,Confirmar Salida,Sin perfil vinculado al detalle; ver pasos operacionales,ETAPA_LOG (CI+SC+ET); ver inventario operacional,True,True,,,1
2,87,RECEPCION_SERVICIO,Recepción Servicio,RECEPCION,1,660,299,RS_RECEPCION_CONFORME,Recepción Conforme,Sin perfil vinculado al detalle; ver pasos operacionales,ETAPA_LOG (CI+SC+ET); ver inventario operacional,True,True,,,2
2,87,RECEPCION_SERVICIO,Recepción Servicio,RECEPCION,2,661,300,RS_CONFIRMAR_SALIDA,Confirmar Salida,Sin perfil vinculado al detalle; ver pasos operacionales,ETAPA_LOG (CI+SC+ET); ver inventario operacional,True,True,,,2
